order_id,product,quantity,price,order_date,region,customer_id,category,total
1,Mask,5,8771.17,2023-07-06,Abovyan,1752,Face,43855.85
2,Face Cream,4,6014.28,2024-12-20,Hrazdan,1020,Face,24057.12
3,Toothpaste,4,8566.15,2023-07-09,Hrazdan,1689,Hygiene,34264.6
4,Hair Oil,4,4391.5,2024-01-23,Gyumri,1938,Hair,17566.0
5,Mask,2,4716.29,2024-03-04,Yerevan,1227,Face,9432.58
6,Lotion,4,9784.34,2023-10-11,Yerevan,1784,Body,39137.36
7,Body Wash,3,6187.4,2023-08-25,Yerevan,1287,Body,18562.199999999997
8,Mask,1,9882.99,2023-07-13,Hrazdan,1808,Face,9882.99
9,Toothpaste,4,10135.43,2023-10-14,Abovyan,1133,Hygiene,40541.72
10,Hair Oil,1,10504.4,2023-05-16,Gyumri,1983,Hair,10504.4
11,Face Cream,2,11124.67,2023-06-20,Vanadzor,1282,Face,22249.34
12,Toothpaste,1,6025.34,2023-06-08,Abovyan,1403,Hygiene,6025.34
13,Toothpaste,2,4848.1,2023-07-20,Vanadzor,1664,Hygiene,9696.2
14,Body Wash,3,7613.09,2024-05-01,Abovyan,1065,Body,22839.27
15,Serum,2,5397.31,2024-07-10,Yerevan,1648,Face,10794.62
16,Hair Oil,2,7811.28,2024-08-05,Hrazdan,1603,Hair,15622.56
17,Conditioner,5,8908.65,2024-05-18,Vanadzor,1436,Hair,44543.25
18,Toothpaste,4,8728.25,2024-01-06,Abovyan,1828,Hygiene,34913.0
19,Serum,4,5432.81,2023-04-13,Hrazdan,1933,Face,21731.24
20,Conditioner,3,3252.03,2023-05-05,Vanadzor,1258,Hair,9756.09
21,Hair Oil,3,6020.56,2023-11-09,Gyumri,1979,Hair,18061.68
22,Shampoo,4,2997.24,2024-04-02,Abovyan,1965,Hair,11988.96
23,Lotion,5,10846.02,2023-08-18,Gyumri,1102,Body,54230.100000000006
24,Serum,4,5131.71,2024-10-19,Yerevan,1992,Face,20526.84
25,Hand Cream,5,3121.83,2023-07-16,Gyumri,1566,Body,15609.15
26,Shampoo,3,1767.2,2024-02-27,Gyumri,1768,Hair,5301.6
27,Lotion,1,8281.14,2024-07-25,Abovyan,1100,Body,8281.14
28,Body Wash,3,8187.47,2024-09-01,Yerevan,1197,Body,24562.41
29,Mask,3,5076.34,2023-06-20,Gyumri,1812,Face,15229.02
30,Face Cream,2,2252.97,2024-01-17,Hrazdan,1225,Face,4505.94
31,Hand Cream,2,5801.1,2023-06-22,Vanadzor,1942,Body,11602.2
32,Body Wash,2,4767.78,2024-10-24,Gyumri,1462,Body,9535.56
33,Hair Oil,2,8609.77,2024-03-28,Yerevan,1236,Hair,17219.54
34,Body Wash,5,7860.68,2023-12-16,Gyumri,1025,Body,39303.4
35,Mask,4,5328.23,2024-09-25,Vanadzor,1120,Face,21312.92
36,Hair Oil,1,3787.87,2024-05-08,Yerevan,1909,Hair,3787.87
37,Hand Cream,3,11874.38,2024-09-11,Abovyan,1505,Body,35623.14
38,Mask,5,6267.02,2023-01-04,Yerevan,1181,Face,31335.100000000002
39,Conditioner,1,8726.88,2023-04-03,Abovyan,1710,Hair,8726.88
40,Face Cream,5,2975.81,2023-01-06,Yerevan,1813,Face,14879.05
41,Hand Cream,5,6598.69,2023-10-15,Vanadzor,1766,Body,32993.45
42,Conditioner,3,1789.14,2024-09-09,Vanadzor,1633,Hair,5367.42
43,Lotion,4,6807.28,2023-05-26,Yerevan,1542,Body,27229.12
44,Hand Cream,2,11622.18,2024-02-28,Gyumri,1983,Body,23244.36
45,Lotion,4,5534.17,2024-08-30,Vanadzor,1314,Body,22136.68
46,Hair Oil,3,1909.46,2024-04-01,Abovyan,1990,Hair,5728.38
47,Conditioner,3,1825.04,2023-07-21,Abovyan,1796,Hair,5475.12
48,Face Cream,3,5573.86,2023-07-31,Hrazdan,1617,Face,16721.579999999998
49,Mask,1,3180.26,2023-01-06,Abovyan,1735,Face,3180.26
50,Toothpaste,4,1745.2,2024-09-15,Hrazdan,1272,Hygiene,6980.8
51,Body Wash,4,9440.24,2024-01-11,Yerevan,1909,Body,37760.96
52,Shampoo,5,6314.49,2024-03-22,Yerevan,1231,Hair,31572.449999999997
53,Face Cream,5,4537.07,2023-04-16,Yerevan,1419,Face,22685.35
54,Conditioner,5,10950.87,2024-10-12,Gyumri,1767,Hair,54754.350000000006
55,Toothpaste,3,2719.46,2024-02-05,Gyumri,1441,Hygiene,8158.38
56,Face Cream,4,11537.15,2023-04-06,Hrazdan,1495,Face,46148.6
57,Conditioner,3,4796.65,2024-01-23,Abovyan,1023,Hair,14389.949999999999
58,Serum,1,10828.24,2024-03-27,Abovyan,1108,Face,10828.24
59,Serum,5,7830.9,2024-02-20,Yerevan,1702,Face,39154.5
60,Lotion,3,10180.43,2024-12-26,Vanadzor,1501,Body,30541.29
61,Face Cream,3,11832.14,2024-05-18,Gyumri,1858,Face,35496.42
62,Serum,1,4528.26,2024-03-29,Gyumri,1024,Face,4528.26
63,Conditioner,2,11591.92,2023-10-18,Yerevan,1186,Hair,23183.84
64,Lotion,4,5589.56,2024-06-17,Gyumri,1287,Body,22358.24
65,Conditioner,2,5547.87,2023-07-12,Yerevan,1627,Hair,11095.74
66,Lotion,5,5074.06,2023-05-30,Hrazdan,1337,Body,25370.300000000003
67,Face Cream,3,7184.78,2024-05-29,Abovyan,1877,Face,21554.34
68,Toothpaste,1,3118.52,2024-01-28,Vanadzor,1913,Hygiene,3118.52
69,Mask,1,7313.97,2023-11-12,Abovyan,1036,Face,7313.97
70,Hand Cream,4,7187.9,2023-03-17,Abovyan,1793,Body,28751.6
71,Toothpaste,2,9499.97,2024-08-21,Hrazdan,1136,Hygiene,18999.94
72,Hair Oil,4,10253.32,2023-09-27,Gyumri,1507,Hair,41013.28
73,Conditioner,3,6124.63,2023-08-13,Vanadzor,1226,Hair,18373.89
74,Hair Oil,4,4674.5,2024-06-13,Gyumri,1319,Hair,18698.0
75,Toothpaste,1,4223.02,2023-04-23,Abovyan,1839,Hygiene,4223.02
76,Lotion,1,3543.55,2023-09-08,Yerevan,1915,Body,3543.55
77,Hand Cream,5,2105.3,2023-08-21,Abovyan,1181,Body,10526.5
78,Hand Cream,5,5095.7,2024-12-14,Gyumri,1873,Body,25478.5
79,Shampoo,3,4337.6,2023-03-24,Abovyan,1085,Hair,13012.800000000001
80,Hand Cream,2,11647.38,2023-05-05,Yerevan,1466,Body,23294.76
81,Mask,4,7355.94,2023-06-24,Hrazdan,1925,Face,29423.76
82,Hand Cream,3,5146.41,2023-03-10,Gyumri,1052,Body,15439.23
83,Toothpaste,5,7594.91,2023-02-16,Abovyan,1859,Hygiene,37974.55
84,Shampoo,4,2961.57,2023-09-13,Gyumri,1866,Hair,11846.28
85,Toothpaste,5,6162.46,2024-12-27,Hrazdan,1234,Hygiene,30812.3
86,Toothpaste,4,8075.46,2023-01-30,Abovyan,1958,Hygiene,32301.84
87,Body Wash,2,6633.43,2023-10-08,Abovyan,1778,Body,13266.86
88,Shampoo,3,5718.68,2023-08-25,Gyumri,1798,Hair,17156.04
89,Toothpaste,4,11935.41,2023-09-05,Gyumri,1432,Hygiene,47741.64
90,Body Wash,1,10743.31,2024-01-03,Yerevan,1495,Body,10743.31
91,Body Wash,1,8045.76,2024-05-09,Hrazdan,1998,Body,8045.76
92,Shampoo,4,7478.46,2023-01-25,Yerevan,1099,Hair,29913.84
93,Hair Oil,4,8016.94,2024-08-08,Abovyan,1989,Hair,32067.76
94,Lotion,4,3613.78,2024-12-18,Gyumri,1598,Body,14455.12
95,Mask,1,5648.95,2024-05-04,Abovyan,1402,Face,5648.95
96,Lotion,1,1914.33,2024-05-08,Abovyan,1395,Body,1914.33
97,Hand Cream,4,6493.23,2023-11-10,Vanadzor,1526,Body,25972.92
98,Mask,5,7201.76,2024-08-28,Vanadzor,1414,Face,36008.8
99,Hand Cream,5,3891.37,2024-01-10,Abovyan,1938,Body,19456.85
100,Toothpaste,2,11622.3,2024-09-30,Gyumri,1612,Hygiene,23244.6
101,Conditioner,3,11049.27,2023-01-25,Abovyan,1676,Hair,33147.81
102,Shampoo,5,9082.5,2023-11-30,Vanadzor,1462,Hair,45412.5
103,Mask,1,7100.56,2023-12-21,Gyumri,1540,Face,7100.56
104,Mask,5,10634.68,2023-04-26,Abovyan,1625,Face,53173.4
105,Toothpaste,2,2871.85,2023-02-17,Hrazdan,1618,Hygiene,5743.7
106,Hair Oil,2,9800.35,2023-04-09,Hrazdan,1921,Hair,19600.7
107,Body Wash,3,2810.62,2024-04-03,Abovyan,1363,Body,8431.86
108,Toothpaste,5,9839.21,2024-06-06,Gyumri,1129,Hygiene,49196.049999999996
109,Serum,1,4395.56,2024-08-19,Abovyan,1083,Face,4395.56
110,Body Wash,1,10709.45,2024-02-09,Abovyan,1270,Body,10709.45
111,Shampoo,4,11412.44,2023-08-02,Vanadzor,1243,Hair,45649.76
112,Body Wash,1,3062.36,2024-11-15,Hrazdan,1387,Body,3062.36
113,Hair Oil,3,6358.09,2024-05-17,Vanadzor,1213,Hair,19074.27
114,Body Wash,3,11800.37,2024-12-21,Vanadzor,1817,Body,35401.11
115,Shampoo,1,6575.78,2024-03-23,Abovyan,1165,Hair,6575.78
116,Hair Oil,1,10567.25,2024-07-29,Vanadzor,1790,Hair,10567.25
117,Lotion,4,7681.68,2023-09-15,Hrazdan,1058,Body,30726.72
118,Mask,1,5440.96,2023-05-01,Vanadzor,1601,Face,5440.96
119,Mask,4,4500.73,2023-02-23,Hrazdan,1882,Face,18002.92
120,Hand Cream,4,3633.84,2023-11-27,Vanadzor,1842,Body,14535.36
121,Lotion,1,9498.88,2023-08-29,Hrazdan,1923,Body,9498.88
122,Lotion,2,5558.68,2024-06-13,Vanadzor,1503,Body,11117.36
123,Body Wash,2,6868.39,2024-04-27,Vanadzor,1705,Body,13736.78
124,Mask,4,6669.42,2023-07-06,Gyumri,1122,Face,26677.68
125,Shampoo,1,7561.43,2024-10-17,Hrazdan,1647,Hair,7561.43
126,Face Cream,2,10588.56,2023-09-19,Hrazdan,1412,Face,21177.12
127,Face Cream,1,11797.76,2023-12-30,Hrazdan,1138,Face,11797.76
128,Hair Oil,1,5779.63,2024-05-05,Yerevan,1228,Hair,5779.63
129,Mask,1,10188.95,2024-03-06,Vanadzor,1273,Face,10188.95
130,Mask,5,9527.54,2023-08-27,Hrazdan,1438,Face,47637.700000000004
131,Face Cream,1,7522.05,2023-10-31,Yerevan,1561,Face,7522.05
132,Mask,5,11538.5,2023-10-25,Gyumri,1909,Face,57692.5
133,Body Wash,4,3604.98,2023-03-17,Hrazdan,1117,Body,14419.92
134,Serum,2,2647.27,2024-11-30,Hrazdan,1713,Face,5294.54
135,Conditioner,2,10466.6,2023-11-29,Yerevan,1994,Hair,20933.2
136,Lotion,2,6111.07,2024-10-03,Vanadzor,1904,Body,12222.14
137,Hand Cream,2,10393.17,2024-04-18,Gyumri,1482,Body,20786.34
138,Hair Oil,2,10877.45,2023-10-10,Hrazdan,1394,Hair,21754.9
139,Serum,2,2155.8,2024-08-13,Vanadzor,1702,Face,4311.6
140,Face Cream,2,10776.38,2023-03-13,Gyumri,1875,Face,21552.76
141,Lotion,4,6207.35,2023-09-20,Abovyan,1459,Body,24829.4
142,Mask,1,6859.54,2024-12-03,Abovyan,1834,Face,6859.54
143,Hand Cream,3,8079.22,2024-07-28,Gyumri,1692,Body,24237.66
144,Mask,5,11227.02,2023-01-12,Yerevan,1934,Face,56135.100000000006
145,Shampoo,3,1700.72,2023-05-21,Gyumri,1077,Hair,5102.16
146,Shampoo,3,6506.86,2024-07-08,Gyumri,1951,Hair,19520.579999999998
147,Hand Cream,1,8721.08,2023-01-17,Yerevan,1411,Body,8721.08
148,Hand Cream,1,9088.42,2023-03-04,Yerevan,1074,Body,9088.42
149,Face Cream,1,8771.59,2023-09-10,Vanadzor,1294,Face,8771.59
150,Hand Cream,2,2911.57,2024-04-09,Vanadzor,1792,Body,5823.14
151,Body Wash,4,4643.65,2024-01-11,Yerevan,1020,Body,18574.6
152,Mask,2,5266.51,2024-06-03,Abovyan,1905,Face,10533.02
153,Serum,4,9946.59,2023-03-31,Abovyan,1170,Face,39786.36
154,Toothpaste,4,4426.98,2024-12-20,Gyumri,1014,Hygiene,17707.92
155,Hand Cream,3,3712.4,2024-09-21,Hrazdan,1210,Body,11137.2
156,Hair Oil,3,11553.2,2023-06-24,Gyumri,1559,Hair,34659.600000000006
157,Shampoo,4,1593.06,2023-03-17,Gyumri,1085,Hair,6372.24
158,Body Wash,4,11977.12,2024-09-04,Hrazdan,1148,Body,47908.48
159,Lotion,2,8606.62,2024-10-24,Yerevan,1699,Body,17213.24
160,Toothpaste,2,10198.93,2024-02-04,Abovyan,1371,Hygiene,20397.86
161,Serum,3,4593.5,2023-03-12,Gyumri,1479,Face,13780.5
162,Toothpaste,1,1650.31,2023-06-29,Hrazdan,1817,Hygiene,1650.31
163,Hand Cream,4,9247.63,2023-05-04,Vanadzor,1150,Body,36990.52
164,Face Cream,2,10258.52,2024-01-16,Gyumri,1140,Face,20517.04
165,Shampoo,3,9275.0,2023-10-20,Abovyan,1068,Hair,27825.0
166,Shampoo,2,2999.93,2023-07-14,Yerevan,1259,Hair,5999.86
167,Lotion,4,9410.99,2023-08-16,Gyumri,1987,Body,37643.96
168,Face Cream,4,9573.69,2024-03-06,Gyumri,1845,Face,38294.76
169,Mask,5,8414.68,2024-03-11,Hrazdan,1967,Face,42073.4
170,Conditioner,1,9544.22,2024-04-05,Vanadzor,1520,Hair,9544.22
171,Body Wash,5,10382.18,2024-09-09,Vanadzor,1632,Body,51910.9
172,Shampoo,3,7942.84,2023-01-21,Yerevan,1370,Hair,23828.52
173,Hair Oil,2,2430.35,2023-03-05,Abovyan,1418,Hair,4860.7
174,Shampoo,3,6620.09,2023-06-14,Yerevan,1100,Hair,19860.27
175,Toothpaste,4,2315.32,2023-01-27,Gyumri,1660,Hygiene,9261.28
176,Shampoo,5,5779.2,2023-11-07,Gyumri,1953,Hair,28896.0
177,Shampoo,5,5774.62,2023-10-12,Vanadzor,1657,Hair,28873.1
178,Conditioner,5,2193.1,2024-10-21,Abovyan,1864,Hair,10965.5
179,Conditioner,3,5162.62,2023-10-08,Hrazdan,1967,Hair,15487.86
180,Serum,4,2665.48,2023-06-13,Abovyan,1242,Face,10661.92
181,Mask,2,9986.47,2023-08-12,Gyumri,1752,Face,19972.94
182,Hair Oil,2,11450.72,2023-05-26,Hrazdan,1511,Hair,22901.44
183,Shampoo,3,2259.32,2023-01-30,Abovyan,1848,Hair,6777.960000000001
184,Shampoo,5,11528.71,2023-02-14,Abovyan,1554,Hair,57643.549999999996
185,Body Wash,1,6987.05,2024-04-15,Hrazdan,1094,Body,6987.05
186,Conditioner,3,4645.44,2023-02-03,Gyumri,1225,Hair,13936.32
187,Hair Oil,3,2307.05,2024-10-14,Abovyan,1517,Hair,6921.150000000001
188,Lotion,4,6756.55,2024-03-02,Hrazdan,1213,Body,27026.2
189,Serum,2,9842.41,2023-08-09,Gyumri,1717,Face,19684.82
190,Mask,3,8924.41,2024-06-17,Hrazdan,1066,Face,26773.23
191,Face Cream,3,2027.37,2024-11-22,Hrazdan,1395,Face,6082.11
192,Mask,5,2265.47,2024-01-02,Abovyan,1611,Face,11327.349999999999
193,Toothpaste,5,5730.17,2024-07-03,Gyumri,1011,Hygiene,28650.85
194,Shampoo,1,4600.55,2024-08-04,Abovyan,1236,Hair,4600.55
195,Serum,4,3940.04,2023-04-26,Yerevan,1833,Face,15760.16
196,Toothpaste,1,4450.55,2023-08-27,Yerevan,1769,Hygiene,4450.55
197,Hair Oil,5,9936.57,2023-12-01,Gyumri,1398,Hair,49682.85
198,Face Cream,2,11256.89,2024-03-16,Hrazdan,1406,Face,22513.78
199,Conditioner,5,5753.58,2023-05-28,Abovyan,1924,Hair,28767.9
200,Serum,4,11014.17,2023-01-09,Abovyan,1848,Face,44056.68
201,Serum,5,4875.7,2023-10-15,Gyumri,1479,Face,24378.5
202,Shampoo,4,6502.59,2024-01-23,Gyumri,1646,Hair,26010.36
203,Hand Cream,4,3873.3,2023-02-19,Yerevan,1221,Body,15493.2
204,Serum,4,8225.0,2024-05-31,Vanadzor,1155,Face,32900.0
205,Body Wash,4,11779.3,2024-09-29,Gyumri,1653,Body,47117.2
206,Face Cream,4,7836.68,2024-08-09,Vanadzor,1427,Face,31346.72
207,Face Cream,2,5257.05,2024-11-07,Gyumri,1157,Face,10514.1
208,Body Wash,1,8302.08,2023-10-05,Hrazdan,1976,Body,8302.08
209,Lotion,3,2790.67,2023-10-27,Hrazdan,1415,Body,8372.01
210,Body Wash,1,10830.92,2024-08-11,Yerevan,1325,Body,10830.92
211,Body Wash,4,6782.38,2024-10-10,Yerevan,1370,Body,27129.52
212,Face Cream,2,6218.17,2024-09-09,Vanadzor,1343,Face,12436.34
213,Mask,5,7651.58,2024-08-29,Gyumri,1261,Face,38257.9
214,Face Cream,2,8060.23,2023-05-15,Abovyan,1282,Face,16120.46
215,Hand Cream,4,2253.65,2024-08-02,Yerevan,1849,Body,9014.6
216,Shampoo,2,8667.48,2023-05-27,Abovyan,1855,Hair,17334.96
217,Toothpaste,2,4040.28,2024-05-04,Abovyan,1228,Hygiene,8080.56
218,Mask,4,8996.5,2024-04-22,Gyumri,1887,Face,35986.0
219,Conditioner,2,10136.62,2023-06-08,Vanadzor,1279,Hair,20273.24
220,Toothpaste,3,9941.56,2024-01-19,Gyumri,1869,Hygiene,29824.68
221,Shampoo,3,7301.26,2023-06-12,Yerevan,1289,Hair,21903.78
222,Hand Cream,2,6961.78,2024-03-16,Abovyan,1679,Body,13923.56
223,Hand Cream,5,3000.2,2023-07-08,Gyumri,1046,Body,15001.0
224,Conditioner,4,9641.13,2024-02-19,Gyumri,1974,Hair,38564.52
225,Mask,3,4349.8,2023-12-05,Gyumri,1714,Face,13049.400000000001
226,Lotion,5,6715.3,2024-08-29,Yerevan,1213,Body,33576.5
227,Body Wash,2,4484.88,2023-06-30,Vanadzor,1757,Body,8969.76
228,Mask,5,2905.2,2023-10-15,Gyumri,1023,Face,14526.0
229,Lotion,1,8110.36,2023-07-06,Yerevan,1320,Body,8110.36
230,Hand Cream,3,2070.49,2023-05-18,Abovyan,1273,Body,6211.469999999999
231,Face Cream,2,9360.77,2023-05-10,Hrazdan,1555,Face,18721.54
232,Shampoo,4,4834.66,2023-07-13,Yerevan,1843,Hair,19338.64
233,Conditioner,2,1501.41,2023-11-12,Hrazdan,1312,Hair,3002.82
234,Shampoo,4,6866.86,2023-05-24,Gyumri,1362,Hair,27467.44
235,Hair Oil,2,1991.95,2023-01-16,Gyumri,1667,Hair,3983.9
236,Hair Oil,5,4399.78,2023-10-29,Yerevan,1999,Hair,21998.899999999998
237,Mask,5,8923.25,2024-02-27,Hrazdan,1379,Face,44616.25
238,Hand Cream,5,2158.24,2023-09-02,Gyumri,1710,Body,10791.199999999999
239,Hand Cream,1,10313.05,2023-04-17,Abovyan,1918,Body,10313.05
240,Body Wash,4,1540.11,2023-03-29,Vanadzor,1980,Body,6160.44
241,Body Wash,5,4091.65,2023-05-09,Vanadzor,1673,Body,20458.25
242,Body Wash,1,9279.49,2023-12-07,Gyumri,1906,Body,9279.49
243,Face Cream,4,4820.84,2023-01-04,Hrazdan,1469,Face,19283.36
244,Toothpaste,2,2569.87,2023-11-23,Gyumri,1745,Hygiene,5139.74
245,Serum,1,5282.46,2024-02-14,Hrazdan,1674,Face,5282.46
246,Toothpaste,3,4339.13,2023-11-02,Abovyan,1115,Hygiene,13017.39
247,Shampoo,1,10348.47,2024-08-29,Hrazdan,1604,Hair,10348.47
248,Toothpaste,1,4790.15,2024-12-21,Gyumri,1041,Hygiene,4790.15
249,Face Cream,4,9783.79,2023-08-13,Abovyan,1795,Face,39135.16
250,Shampoo,2,10864.66,2023-12-14,Yerevan,1378,Hair,21729.32
251,Toothpaste,3,6055.08,2023-11-17,Vanadzor,1721,Hygiene,18165.239999999998
252,Face Cream,5,11054.4,2024-07-12,Gyumri,1205,Face,55272.0
253,Serum,5,5461.84,2023-06-30,Gyumri,1465,Face,27309.2
254,Toothpaste,1,11622.82,2024-09-09,Gyumri,1731,Hygiene,11622.82
255,Face Cream,4,2437.54,2024-12-11,Abovyan,1279,Face,9750.16
256,Body Wash,4,8713.7,2024-01-21,Yerevan,1647,Body,34854.8
257,Hand Cream,5,6685.05,2024-09-09,Hrazdan,1617,Body,33425.25
258,Body Wash,3,5570.31,2023-04-18,Yerevan,1117,Body,16710.93
259,Hand Cream,2,8143.47,2024-06-14,Abovyan,1236,Body,16286.94
260,Conditioner,3,8890.5,2024-02-14,Gyumri,1308,Hair,26671.5
261,Conditioner,2,1545.81,2023-10-23,Vanadzor,1455,Hair,3091.62
262,Conditioner,5,3253.01,2023-06-20,Gyumri,1899,Hair,16265.050000000001
263,Serum,2,8986.98,2023-11-27,Hrazdan,1474,Face,17973.96
264,Body Wash,4,8497.05,2024-05-07,Vanadzor,1099,Body,33988.2
265,Hand Cream,1,11643.5,2023-07-14,Gyumri,1260,Body,11643.5
266,Face Cream,1,9490.9,2023-01-12,Vanadzor,1992,Face,9490.9
267,Shampoo,5,11483.11,2023-07-14,Yerevan,1304,Hair,57415.55
268,Face Cream,4,8876.68,2024-05-04,Abovyan,1353,Face,35506.72
269,Shampoo,3,4629.55,2023-07-01,Gyumri,1285,Hair,13888.650000000001
270,Hair Oil,4,2606.33,2024-10-17,Hrazdan,1327,Hair,10425.32
271,Face Cream,1,9709.15,2023-11-12,Yerevan,1102,Face,9709.15
272,Toothpaste,1,8263.57,2024-11-24,Gyumri,1062,Hygiene,8263.57
273,Toothpaste,4,2005.95,2023-01-30,Yerevan,1686,Hygiene,8023.8
274,Mask,4,5280.53,2024-08-18,Hrazdan,1281,Face,21122.12
275,Body Wash,1,11546.4,2024-11-08,Gyumri,1440,Body,11546.4
276,Shampoo,3,6754.21,2023-04-06,Hrazdan,1292,Hair,20262.63
277,Shampoo,5,6043.66,2024-01-16,Vanadzor,1737,Hair,30218.3
278,Body Wash,5,6305.85,2024-03-19,Hrazdan,1006,Body,31529.25
279,Serum,4,3693.27,2023-10-25,Vanadzor,1638,Face,14773.08
280,Mask,5,5371.43,2023-12-27,Gyumri,1935,Face,26857.15
281,Serum,1,5383.04,2024-01-09,Vanadzor,1091,Face,5383.04
282,Serum,1,2049.73,2024-07-07,Gyumri,1934,Face,2049.73
283,Serum,4,9559.46,2023-10-30,Gyumri,1189,Face,38237.84
284,Body Wash,4,5873.3,2024-02-25,Abovyan,1870,Body,23493.2
285,Serum,4,10132.89,2023-09-03,Gyumri,1475,Face,40531.56
286,Toothpaste,3,10428.65,2024-12-20,Vanadzor,1510,Hygiene,31285.949999999997
287,Conditioner,5,3725.94,2023-08-25,Abovyan,1461,Hair,18629.7
288,Hair Oil,4,8402.21,2024-06-17,Abovyan,1052,Hair,33608.84
289,Shampoo,2,6458.96,2023-07-04,Gyumri,1753,Hair,12917.92
290,Shampoo,2,10741.65,2024-04-12,Hrazdan,1485,Hair,21483.3
291,Hair Oil,1,3765.28,2023-12-29,Hrazdan,1643,Hair,3765.28
292,Body Wash,5,8617.04,2023-10-10,Abovyan,1489,Body,43085.200000000004
293,Face Cream,4,7881.4,2024-07-06,Gyumri,1977,Face,31525.6
294,Body Wash,2,4600.67,2023-12-02,Hrazdan,1363,Body,9201.34
295,Shampoo,5,2934.31,2023-06-11,Gyumri,1111,Hair,14671.55
296,Shampoo,1,8342.22,2023-06-09,Gyumri,1408,Hair,8342.22
297,Hair Oil,3,9255.27,2024-04-18,Abovyan,1006,Hair,27765.81
298,Serum,5,4814.09,2024-08-23,Abovyan,1741,Face,24070.45
299,Body Wash,5,8270.74,2023-11-18,Yerevan,1667,Body,41353.7
300,Hand Cream,3,5648.87,2023-01-12,Hrazdan,1196,Body,16946.61
301,Hair Oil,5,8988.67,2024-02-28,Hrazdan,1834,Hair,44943.35
302,Toothpaste,1,3591.76,2023-03-14,Hrazdan,1875,Hygiene,3591.76
303,Shampoo,1,10847.26,2024-08-10,Vanadzor,1734,Hair,10847.26
304,Hair Oil,3,4517.8,2023-07-20,Gyumri,1366,Hair,13553.400000000001
305,Body Wash,4,5361.75,2024-06-05,Abovyan,1249,Body,21447.0
306,Shampoo,2,2109.97,2024-05-19,Hrazdan,1915,Hair,4219.94
307,Face Cream,4,2670.88,2024-11-18,Yerevan,1594,Face,10683.52
308,Hair Oil,5,6916.55,2023-02-08,Hrazdan,1239,Hair,34582.75
309,Mask,2,4309.72,2023-03-01,Gyumri,1379,Face,8619.44
310,Shampoo,3,10272.54,2024-07-31,Gyumri,1906,Hair,30817.620000000003
311,Body Wash,3,1654.28,2023-11-17,Abovyan,1871,Body,4962.84
312,Conditioner,2,5480.49,2024-03-10,Vanadzor,1834,Hair,10960.98
313,Hand Cream,1,5042.13,2024-09-27,Abovyan,1470,Body,5042.13
314,Lotion,2,1702.94,2024-11-06,Hrazdan,1774,Body,3405.88
315,Serum,5,2805.87,2024-02-12,Yerevan,1918,Face,14029.349999999999
316,Lotion,1,5843.25,2024-01-21,Abovyan,1700,Body,5843.25
317,Body Wash,3,6675.08,2024-11-01,Vanadzor,1454,Body,20025.239999999998
318,Toothpaste,2,5745.04,2024-07-22,Abovyan,1365,Hygiene,11490.08
319,Toothpaste,4,7074.85,2023-03-19,Gyumri,1289,Hygiene,28299.4
320,Conditioner,4,7748.88,2023-07-13,Hrazdan,1873,Hair,30995.52
321,Serum,5,1604.2,2023-10-12,Hrazdan,1402,Face,8021.0
322,Mask,4,6373.0,2024-06-10,Hrazdan,1057,Face,25492.0
323,Conditioner,2,11616.74,2024-06-07,Hrazdan,1520,Hair,23233.48
324,Lotion,2,6949.84,2024-09-04,Hrazdan,1303,Body,13899.68
325,Conditioner,4,8614.19,2023-06-05,Hrazdan,1114,Hair,34456.76
326,Lotion,2,4774.57,2023-12-06,Yerevan,1209,Body,9549.14
327,Shampoo,5,9626.91,2023-05-05,Vanadzor,1040,Hair,48134.55
328,Toothpaste,1,9615.68,2023-10-07,Hrazdan,1815,Hygiene,9615.68
329,Shampoo,5,6973.61,2024-09-13,Vanadzor,1172,Hair,34868.049999999996
330,Hand Cream,5,11748.15,2024-10-19,Hrazdan,1233,Body,58740.75
331,Serum,2,2818.28,2024-12-28,Abovyan,1792,Face,5636.56
332,Mask,1,1677.95,2024-11-04,Hrazdan,1883,Face,1677.95
333,Lotion,2,9586.66,2023-05-08,Gyumri,1589,Body,19173.32
334,Mask,3,9975.13,2023-11-10,Yerevan,1619,Face,29925.39
335,Lotion,2,2762.18,2023-11-28,Abovyan,1792,Body,5524.36
336,Body Wash,2,4288.62,2023-05-30,Abovyan,1402,Body,8577.24
337,Conditioner,2,1684.3,2024-03-29,Gyumri,1038,Hair,3368.6
338,Hand Cream,1,4579.74,2023-02-05,Hrazdan,1118,Body,4579.74
339,Toothpaste,2,9617.99,2024-11-15,Yerevan,1334,Hygiene,19235.98
340,Lotion,1,6938.59,2024-02-24,Abovyan,1335,Body,6938.59
341,Mask,4,5155.0,2023-01-22,Yerevan,1538,Face,20620.0
342,Hand Cream,3,5403.26,2023-07-25,Abovyan,1615,Body,16209.78
343,Face Cream,1,1514.21,2024-09-30,Hrazdan,1073,Face,1514.21
344,Face Cream,4,4647.91,2023-12-22,Abovyan,1190,Face,18591.64
345,Shampoo,1,8287.82,2024-03-15,Abovyan,1323,Hair,8287.82
346,Toothpaste,1,11729.04,2024-12-29,Vanadzor,1146,Hygiene,11729.04
347,Body Wash,3,10394.14,2023-04-06,Hrazdan,1766,Body,31182.42
348,Mask,5,1747.75,2023-06-13,Gyumri,1283,Face,8738.75
349,Conditioner,5,10934.89,2023-05-28,Gyumri,1212,Hair,54674.45
350,Conditioner,1,9723.58,2024-06-13,Hrazdan,1634,Hair,9723.58
351,Mask,2,9693.95,2023-10-21,Gyumri,1717,Face,19387.9
352,Serum,4,6308.96,2023-07-14,Hrazdan,1928,Face,25235.84
353,Body Wash,2,5679.06,2024-10-24,Gyumri,1751,Body,11358.12
354,Hand Cream,2,4680.62,2024-04-24,Vanadzor,1393,Body,9361.24
355,Lotion,1,2189.8,2023-05-03,Gyumri,1338,Body,2189.8
356,Serum,1,3896.47,2024-02-04,Abovyan,1797,Face,3896.47
357,Lotion,1,4089.34,2024-11-29,Hrazdan,1021,Body,4089.34
358,Lotion,1,6582.81,2024-03-27,Yerevan,1770,Body,6582.81
359,Serum,5,9348.17,2024-10-22,Yerevan,1868,Face,46740.85
360,Shampoo,1,6475.0,2023-04-14,Hrazdan,1104,Hair,6475.0
361,Face Cream,5,2107.37,2024-04-06,Vanadzor,1465,Face,10536.849999999999
362,Lotion,5,11556.79,2024-12-18,Gyumri,1458,Body,57783.950000000004
363,Serum,1,11398.61,2024-12-10,Vanadzor,1431,Face,11398.61
364,Serum,3,9744.49,2024-01-31,Yerevan,1769,Face,29233.47
365,Hair Oil,4,11908.94,2023-12-03,Hrazdan,1715,Hair,47635.76
366,Shampoo,2,7217.06,2024-08-21,Hrazdan,1821,Hair,14434.12
367,Toothpaste,5,11609.07,2023-05-22,Vanadzor,1773,Hygiene,58045.35
368,Hair Oil,4,2293.85,2023-11-13,Vanadzor,1618,Hair,9175.4
369,Hair Oil,3,5339.65,2024-12-11,Gyumri,1762,Hair,16018.949999999999
370,Mask,2,3866.5,2024-07-11,Abovyan,1935,Face,7733.0
371,Face Cream,2,3556.25,2024-06-10,Abovyan,1220,Face,7112.5
372,Serum,5,2978.43,2024-07-09,Gyumri,1378,Face,14892.15
373,Face Cream,1,8035.34,2024-02-05,Abovyan,1221,Face,8035.34
374,Body Wash,3,9703.88,2024-11-11,Yerevan,1257,Body,29111.64
375,Mask,5,7572.13,2023-11-06,Abovyan,1712,Face,37860.65
376,Toothpaste,3,3043.11,2024-05-09,Gyumri,1366,Hygiene,9129.33
377,Face Cream,1,10016.8,2024-07-09,Abovyan,1769,Face,10016.8
378,Conditioner,1,8177.52,2024-09-01,Hrazdan,1348,Hair,8177.52
379,Lotion,5,5575.74,2023-04-19,Vanadzor,1224,Body,27878.699999999997
380,Body Wash,1,8578.37,2024-01-07,Yerevan,1713,Body,8578.37
381,Shampoo,4,4229.0,2024-09-07,Hrazdan,1737,Hair,16916.0
382,Toothpaste,2,5124.52,2023-07-25,Hrazdan,1235,Hygiene,10249.04
383,Body Wash,5,11133.6,2023-02-12,Gyumri,1182,Body,55668.0
384,Lotion,3,4550.3,2023-09-02,Vanadzor,1711,Body,13650.900000000001
385,Mask,4,6434.88,2023-10-14,Vanadzor,1868,Face,25739.52
386,Lotion,5,10846.48,2023-12-21,Yerevan,1757,Body,54232.399999999994
387,Hair Oil,1,8931.07,2024-04-20,Gyumri,1443,Hair,8931.07
388,Lotion,1,2153.13,2023-03-24,Yerevan,1864,Body,2153.13
389,Hair Oil,1,3046.68,2023-04-20,Abovyan,1622,Hair,3046.68
390,Mask,1,1582.34,2023-07-09,Hrazdan,1005,Face,1582.34
391,Hand Cream,3,8124.68,2023-09-08,Yerevan,1235,Body,24374.04
392,Hair Oil,4,6200.57,2024-12-24,Hrazdan,1126,Hair,24802.28
393,Shampoo,2,2909.89,2023-10-18,Gyumri,1103,Hair,5819.78
394,Lotion,3,11558.31,2024-10-06,Abovyan,1748,Body,34674.93
395,Lotion,3,7061.43,2023-07-20,Gyumri,1914,Body,21184.29
396,Shampoo,2,4039.88,2023-11-22,Abovyan,1479,Hair,8079.76
397,Conditioner,2,6756.34,2024-05-25,Abovyan,1154,Hair,13512.68
398,Serum,1,8636.01,2024-02-13,Hrazdan,1256,Face,8636.01
399,Hand Cream,3,2300.51,2024-08-29,Gyumri,1234,Body,6901.530000000001
400,Toothpaste,5,4384.39,2024-05-22,Gyumri,1499,Hygiene,21921.95
401,Hair Oil,2,9973.14,2024-12-31,Yerevan,1288,Hair,19946.28
402,Shampoo,2,6326.48,2024-08-23,Gyumri,1509,Hair,12652.96
403,Mask,4,7239.06,2023-03-13,Yerevan,1551,Face,28956.24
404,Hair Oil,5,6044.57,2023-09-04,Vanadzor,1799,Hair,30222.85
405,Serum,5,1960.95,2024-10-02,Vanadzor,1708,Face,9804.75
406,Mask,2,3240.37,2024-12-24,Vanadzor,1784,Face,6480.74
407,Body Wash,1,6178.19,2024-08-30,Gyumri,1893,Body,6178.19
408,Lotion,4,3696.45,2024-08-09,Gyumri,1775,Body,14785.8
409,Body Wash,5,2024.78,2024-07-19,Yerevan,1568,Body,10123.9
410,Hair Oil,2,10358.32,2023-12-10,Abovyan,1297,Hair,20716.64
411,Serum,5,11802.52,2023-02-23,Yerevan,1609,Face,59012.600000000006
412,Hand Cream,4,9828.0,2024-12-30,Vanadzor,1136,Body,39312.0
413,Hair Oil,4,10464.74,2024-06-11,Yerevan,1375,Hair,41858.96
414,Shampoo,3,4040.76,2024-09-02,Abovyan,1086,Hair,12122.28
415,Face Cream,2,11586.58,2024-06-15,Gyumri,1418,Face,23173.16
416,Hair Oil,4,3567.72,2024-07-11,Yerevan,1753,Hair,14270.88
417,Lotion,3,11490.01,2023-07-12,Vanadzor,1198,Body,34470.03
418,Lotion,3,11945.6,2023-02-27,Vanadzor,1462,Body,35836.8
419,Hair Oil,5,8973.09,2024-03-12,Gyumri,1436,Hair,44865.45
420,Mask,5,11802.01,2023-04-21,Yerevan,1309,Face,59010.05
421,Face Cream,3,7480.17,2023-05-09,Abovyan,1595,Face,22440.510000000002
422,Shampoo,5,4225.19,2024-12-06,Gyumri,1753,Hair,21125.949999999997
423,Hair Oil,4,6088.46,2023-11-22,Yerevan,1280,Hair,24353.84
424,Mask,1,7732.39,2023-01-08,Hrazdan,1322,Face,7732.39
425,Lotion,4,2267.36,2023-01-29,Vanadzor,1763,Body,9069.44
426,Lotion,3,8034.6,2023-04-22,Abovyan,1701,Body,24103.800000000003
427,Serum,3,11802.37,2024-11-03,Abovyan,1950,Face,35407.11
428,Hair Oil,4,3496.13,2023-05-11,Abovyan,1941,Hair,13984.52
429,Face Cream,5,9822.25,2023-07-07,Vanadzor,1151,Face,49111.25
430,Conditioner,5,11032.94,2024-11-05,Yerevan,1993,Hair,55164.700000000004
431,Face Cream,3,11408.87,2024-12-09,Gyumri,1301,Face,34226.61
432,Lotion,2,11581.42,2024-04-19,Yerevan,1277,Body,23162.84
433,Lotion,5,6975.33,2023-12-30,Gyumri,1650,Body,34876.65
434,Body Wash,4,11761.73,2023-07-23,Abovyan,1687,Body,47046.92
435,Lotion,5,9451.76,2023-07-31,Yerevan,1007,Body,47258.8
436,Shampoo,4,3197.55,2024-09-12,Abovyan,1806,Hair,12790.2
437,Toothpaste,3,6507.45,2023-10-03,Hrazdan,1234,Hygiene,19522.35
438,Hair Oil,5,9042.48,2023-03-14,Abovyan,1674,Hair,45212.399999999994
439,Face Cream,4,4097.07,2024-11-09,Abovyan,1560,Face,16388.28
440,Toothpaste,3,8226.46,2023-08-31,Gyumri,1301,Hygiene,24679.379999999997
441,Mask,2,8499.31,2023-04-12,Hrazdan,1037,Face,16998.62
442,Conditioner,4,3208.35,2024-11-15,Abovyan,1135,Hair,12833.4
443,Shampoo,2,7433.4,2023-06-20,Abovyan,1821,Hair,14866.8
444,Face Cream,2,9602.08,2024-10-14,Hrazdan,1420,Face,19204.16
445,Toothpaste,1,6738.4,2023-07-07,Hrazdan,1218,Hygiene,6738.4
446,Conditioner,5,1627.08,2024-03-16,Yerevan,1347,Hair,8135.4
447,Body Wash,4,1594.9,2023-03-27,Gyumri,1807,Body,6379.6
448,Shampoo,2,5248.81,2024-04-20,Hrazdan,1545,Hair,10497.62
449,Shampoo,1,11225.04,2023-02-21,Hrazdan,1863,Hair,11225.04
450,Body Wash,3,3901.11,2023-04-21,Vanadzor,1078,Body,11703.33
451,Hair Oil,4,8160.82,2023-02-12,Hrazdan,1747,Hair,32643.28
452,Body Wash,2,3831.8,2023-07-30,Gyumri,1894,Body,7663.6
453,Shampoo,5,4877.53,2023-07-19,Abovyan,1272,Hair,24387.649999999998
454,Shampoo,1,10404.44,2024-09-18,Abovyan,1160,Hair,10404.44
455,Toothpaste,2,9153.05,2023-01-26,Abovyan,1686,Hygiene,18306.1
456,Lotion,5,2501.69,2023-10-26,Abovyan,1877,Body,12508.45
457,Conditioner,2,6001.37,2023-03-18,Vanadzor,1307,Hair,12002.74
458,Body Wash,4,1806.28,2023-05-17,Hrazdan,1373,Body,7225.12
459,Conditioner,4,6549.35,2023-01-20,Abovyan,1975,Hair,26197.4
460,Body Wash,4,8455.56,2024-03-15,Yerevan,1732,Body,33822.24
461,Mask,1,2744.28,2023-07-30,Abovyan,1008,Face,2744.28
462,Shampoo,4,4533.29,2024-07-04,Hrazdan,1800,Hair,18133.16
463,Lotion,5,5677.28,2024-03-10,Abovyan,1443,Body,28386.399999999998
464,Toothpaste,2,11155.08,2023-07-26,Vanadzor,1112,Hygiene,22310.16
465,Lotion,3,11929.18,2024-03-14,Gyumri,1988,Body,35787.54
466,Lotion,5,1971.57,2024-10-27,Gyumri,1204,Body,9857.85
467,Lotion,5,9490.58,2023-02-11,Hrazdan,1404,Body,47452.9
468,Conditioner,4,5403.1,2024-02-15,Gyumri,1697,Hair,21612.4
469,Body Wash,1,5620.81,2024-06-06,Gyumri,1852,Body,5620.81
470,Hand Cream,2,9419.78,2024-09-01,Yerevan,1196,Body,18839.56
471,Mask,1,11143.48,2024-03-02,Hrazdan,1777,Face,11143.48
472,Face Cream,2,11484.75,2023-10-02,Hrazdan,1773,Face,22969.5
473,Lotion,2,7559.79,2024-03-23,Gyumri,1759,Body,15119.58
474,Hair Oil,1,5249.77,2024-01-04,Gyumri,1114,Hair,5249.77
475,Conditioner,5,9769.27,2023-08-08,Gyumri,1120,Hair,48846.350000000006
476,Toothpaste,2,4135.51,2024-07-30,Vanadzor,1652,Hygiene,8271.02
477,Face Cream,1,7422.78,2023-08-20,Abovyan,1064,Face,7422.78
478,Hand Cream,2,5265.07,2023-11-24,Vanadzor,1275,Body,10530.14
479,Hair Oil,3,8394.63,2024-03-18,Hrazdan,1824,Hair,25183.89
480,Hand Cream,5,4024.19,2023-02-21,Yerevan,1238,Body,20120.95
481,Face Cream,4,3511.73,2024-01-11,Abovyan,1301,Face,14046.92
482,Lotion,2,11141.51,2023-09-20,Yerevan,1391,Body,22283.02
483,Hair Oil,3,2568.94,2023-09-24,Hrazdan,1521,Hair,7706.82
484,Hand Cream,4,6812.56,2023-12-25,Hrazdan,1968,Body,27250.24
485,Toothpaste,4,3818.95,2023-11-13,Yerevan,1368,Hygiene,15275.8
486,Body Wash,2,1908.76,2023-11-20,Yerevan,1232,Body,3817.52
487,Shampoo,1,1878.2,2024-10-27,Yerevan,1194,Hair,1878.2
488,Body Wash,2,3339.83,2024-10-13,Hrazdan,1906,Body,6679.66
489,Face Cream,3,10601.09,2024-07-16,Gyumri,1011,Face,31803.27
490,Conditioner,4,4466.03,2024-09-20,Yerevan,1905,Hair,17864.12
491,Shampoo,2,11479.82,2024-02-25,Abovyan,1920,Hair,22959.64
492,Mask,1,7607.03,2023-02-15,Hrazdan,1688,Face,7607.03
493,Toothpaste,2,6084.45,2024-08-22,Vanadzor,1176,Hygiene,12168.9
494,Mask,5,7590.93,2024-12-20,Vanadzor,1216,Face,37954.65
495,Hair Oil,1,6925.33,2023-09-26,Abovyan,1010,Hair,6925.33
496,Shampoo,3,9467.15,2024-08-23,Gyumri,1445,Hair,28401.449999999997
497,Mask,4,4466.21,2024-01-16,Yerevan,1629,Face,17864.84
498,Mask,2,5207.03,2023-04-28,Hrazdan,1163,Face,10414.06
499,Hand Cream,1,10887.99,2024-07-19,Yerevan,1550,Body,10887.99
500,Body Wash,5,11437.79,2023-04-26,Hrazdan,1052,Body,57188.950000000004
501,Hand Cream,1,10871.86,2024-09-21,Vanadzor,1217,Body,10871.86
502,Shampoo,5,5904.2,2023-09-17,Yerevan,1717,Hair,29521.0
503,Shampoo,3,9693.84,2023-03-16,Abovyan,1998,Hair,29081.52
504,Face Cream,4,6501.53,2024-04-24,Gyumri,1823,Face,26006.12
505,Hand Cream,3,6724.17,2023-11-01,Abovyan,1359,Body,20172.510000000002
506,Serum,2,3649.14,2023-01-07,Gyumri,1384,Face,7298.28
507,Body Wash,1,7706.87,2024-01-01,Yerevan,1055,Body,7706.87
508,Shampoo,5,3454.43,2024-09-25,Yerevan,1117,Hair,17272.149999999998
509,Face Cream,5,4981.43,2024-06-06,Gyumri,1899,Face,24907.15
510,Hand Cream,1,10477.82,2023-12-14,Vanadzor,1252,Body,10477.82
511,Body Wash,1,3674.3,2024-03-13,Hrazdan,1797,Body,3674.3
512,Hand Cream,2,2247.16,2023-08-03,Abovyan,1779,Body,4494.32
513,Mask,3,2224.58,2024-03-04,Abovyan,1802,Face,6673.74
514,Face Cream,5,11378.24,2024-05-12,Abovyan,1844,Face,56891.2
515,Body Wash,2,6822.66,2024-06-23,Yerevan,1179,Body,13645.32
516,Lotion,3,5798.83,2024-01-02,Abovyan,1414,Body,17396.489999999998
517,Hair Oil,2,10014.23,2023-11-09,Hrazdan,1869,Hair,20028.46
518,Hair Oil,5,10276.17,2024-06-21,Hrazdan,1234,Hair,51380.85
519,Body Wash,1,4988.01,2023-02-23,Gyumri,1854,Body,4988.01
520,Hand Cream,1,8782.99,2024-06-24,Yerevan,1707,Body,8782.99
521,Face Cream,3,9596.79,2024-04-11,Hrazdan,1819,Face,28790.370000000003
522,Hair Oil,4,8373.83,2023-06-13,Vanadzor,1079,Hair,33495.32
523,Face Cream,3,3091.75,2023-11-30,Yerevan,1646,Face,9275.25
524,Hair Oil,4,10696.77,2024-06-30,Yerevan,1021,Hair,42787.08
525,Mask,2,7160.49,2023-12-14,Hrazdan,1476,Face,14320.98
526,Hand Cream,2,4465.96,2023-09-30,Vanadzor,1842,Body,8931.92
527,Mask,5,5964.9,2024-12-20,Gyumri,1439,Face,29824.5
528,Hair Oil,4,1894.5,2024-02-18,Hrazdan,1736,Hair,7578.0
529,Lotion,5,2842.6,2024-05-14,Vanadzor,1569,Body,14213.0
530,Lotion,1,9538.24,2023-04-03,Yerevan,1092,Body,9538.24
531,Mask,4,1500.12,2024-11-15,Vanadzor,1191,Face,6000.48
532,Lotion,3,5873.94,2023-03-20,Yerevan,1102,Body,17621.82
533,Hair Oil,1,6986.36,2024-09-13,Hrazdan,1395,Hair,6986.36
534,Body Wash,1,2073.66,2023-08-05,Hrazdan,1006,Body,2073.66
535,Mask,3,11717.32,2023-12-24,Abovyan,1639,Face,35151.96
536,Conditioner,1,3874.32,2024-09-09,Abovyan,1566,Hair,3874.32
537,Hand Cream,4,4694.09,2024-05-21,Abovyan,1230,Body,18776.36
538,Lotion,5,4691.4,2024-07-12,Hrazdan,1873,Body,23457.0
539,Lotion,1,3919.37,2023-06-30,Gyumri,1573,Body,3919.37
540,Shampoo,4,1515.48,2024-07-29,Hrazdan,1239,Hair,6061.92
541,Serum,2,9158.12,2023-09-03,Vanadzor,1089,Face,18316.24
542,Mask,4,11651.88,2023-09-01,Hrazdan,1231,Face,46607.52
543,Toothpaste,5,3855.08,2024-05-20,Hrazdan,1456,Hygiene,19275.4
544,Lotion,4,8462.0,2024-02-26,Yerevan,1232,Body,33848.0
545,Hand Cream,3,9289.91,2023-11-16,Yerevan,1353,Body,27869.73
546,Conditioner,5,10408.47,2023-03-28,Yerevan,1332,Hair,52042.35
547,Lotion,2,5937.61,2023-08-05,Hrazdan,1438,Body,11875.22
548,Conditioner,3,4680.77,2024-05-04,Gyumri,1374,Hair,14042.310000000001
549,Hair Oil,4,4915.6,2024-06-02,Vanadzor,1291,Hair,19662.4
550,Hair Oil,5,8982.52,2023-10-05,Vanadzor,1344,Hair,44912.600000000006
551,Serum,2,10076.18,2024-12-22,Gyumri,1663,Face,20152.36
552,Body Wash,3,3406.95,2023-06-18,Gyumri,1427,Body,10220.849999999999
553,Toothpaste,2,5394.88,2023-11-26,Vanadzor,1656,Hygiene,10789.76
554,Shampoo,4,10970.37,2024-10-11,Abovyan,1129,Hair,43881.48
555,Serum,2,9970.28,2024-03-16,Yerevan,1140,Face,19940.56
556,Face Cream,1,11841.01,2024-01-26,Yerevan,1414,Face,11841.01
557,Shampoo,3,9419.61,2024-05-10,Vanadzor,1092,Hair,28258.83
558,Mask,2,5628.55,2024-01-16,Gyumri,1625,Face,11257.1
559,Hand Cream,4,7701.7,2023-11-02,Abovyan,1283,Body,30806.8
560,Face Cream,4,8440.65,2024-11-03,Vanadzor,1955,Face,33762.6
561,Face Cream,2,2323.79,2024-05-27,Yerevan,1922,Face,4647.58
562,Serum,4,7217.22,2023-07-07,Hrazdan,1654,Face,28868.88
563,Body Wash,5,8947.87,2024-05-30,Gyumri,1222,Body,44739.350000000006
564,Serum,5,3256.87,2024-10-05,Hrazdan,1743,Face,16284.349999999999
565,Mask,5,9696.63,2024-03-02,Vanadzor,1462,Face,48483.149999999994
566,Lotion,1,7629.61,2024-05-16,Yerevan,1544,Body,7629.61
567,Lotion,2,11498.33,2024-12-30,Abovyan,1275,Body,22996.66
568,Body Wash,1,1945.43,2023-09-17,Hrazdan,1681,Body,1945.43
569,Mask,4,4285.92,2024-05-27,Abovyan,1139,Face,17143.68
570,Body Wash,1,7816.32,2023-03-12,Yerevan,1356,Body,7816.32
571,Conditioner,4,4613.88,2024-04-22,Hrazdan,1712,Hair,18455.52
572,Lotion,4,9001.45,2023-06-27,Abovyan,1022,Body,36005.8
573,Face Cream,3,9469.56,2024-04-01,Abovyan,1967,Face,28408.68
574,Toothpaste,5,2576.42,2023-07-08,Hrazdan,1735,Hygiene,12882.1
575,Hand Cream,4,6895.47,2023-10-18,Yerevan,1879,Body,27581.88
576,Mask,3,6843.35,2024-06-03,Abovyan,1269,Face,20530.050000000003
577,Shampoo,5,5377.45,2023-10-19,Vanadzor,1858,Hair,26887.25
578,Body Wash,4,11295.71,2024-09-26,Hrazdan,1664,Body,45182.84
579,Hand Cream,4,10188.82,2023-10-10,Gyumri,1332,Body,40755.28
580,Shampoo,1,8820.7,2024-06-27,Gyumri,1084,Hair,8820.7
581,Hand Cream,1,9000.43,2024-01-12,Yerevan,1620,Body,9000.43
582,Toothpaste,5,6348.02,2024-10-19,Vanadzor,1030,Hygiene,31740.100000000002
583,Shampoo,4,11170.44,2023-06-05,Abovyan,1740,Hair,44681.76
584,Serum,2,8793.25,2024-05-22,Gyumri,1239,Face,17586.5
585,Hair Oil,1,9154.3,2024-02-17,Yerevan,1889,Hair,9154.3
586,Serum,5,10547.75,2024-06-11,Vanadzor,1362,Face,52738.75
587,Lotion,4,4377.75,2023-12-21,Vanadzor,1821,Body,17511.0
588,Hair Oil,4,9974.24,2024-07-12,Yerevan,1388,Hair,39896.96
589,Serum,2,3550.03,2023-07-06,Yerevan,1652,Face,7100.06
590,Hair Oil,5,5126.09,2023-01-31,Abovyan,1667,Hair,25630.45
591,Hair Oil,4,5023.91,2023-09-17,Yerevan,1298,Hair,20095.64
592,Face Cream,1,11774.52,2024-02-25,Abovyan,1856,Face,11774.52
593,Body Wash,2,10493.64,2024-06-12,Abovyan,1370,Body,20987.28
594,Body Wash,5,8862.28,2024-07-04,Hrazdan,1098,Body,44311.4
595,Face Cream,2,9134.1,2023-10-31,Vanadzor,1046,Face,18268.2
596,Hand Cream,1,7401.76,2023-02-08,Vanadzor,1998,Body,7401.76
597,Conditioner,5,11444.45,2024-05-03,Vanadzor,1838,Hair,57222.25
598,Hand Cream,2,6710.72,2024-10-05,Hrazdan,1421,Body,13421.44
599,Shampoo,3,5495.44,2024-06-25,Abovyan,1479,Hair,16486.32
600,Shampoo,1,3211.87,2024-10-31,Abovyan,1578,Hair,3211.87
601,Hair Oil,1,9755.16,2023-10-05,Yerevan,1061,Hair,9755.16
602,Serum,1,9211.66,2023-07-22,Hrazdan,1108,Face,9211.66
603,Serum,3,5535.73,2023-03-07,Yerevan,1678,Face,16607.19
604,Body Wash,3,1764.53,2023-04-18,Hrazdan,1548,Body,5293.59
605,Mask,4,10309.47,2023-09-25,Yerevan,1118,Face,41237.88
606,Hand Cream,2,1619.89,2023-08-10,Gyumri,1597,Body,3239.78
607,Lotion,4,8888.85,2024-06-13,Vanadzor,1381,Body,35555.4
608,Toothpaste,2,11687.7,2023-03-31,Vanadzor,1391,Hygiene,23375.4
609,Serum,3,6095.44,2024-11-23,Abovyan,1976,Face,18286.32
610,Toothpaste,3,3967.22,2023-09-12,Gyumri,1051,Hygiene,11901.66
611,Hair Oil,4,8901.15,2024-03-30,Vanadzor,1602,Hair,35604.6
612,Toothpaste,5,10079.85,2023-09-10,Abovyan,1288,Hygiene,50399.25
613,Lotion,4,7237.52,2023-09-14,Gyumri,1336,Body,28950.08
614,Face Cream,2,11653.87,2024-01-18,Vanadzor,1809,Face,23307.74
615,Lotion,4,2042.52,2024-03-17,Yerevan,1203,Body,8170.08
616,Toothpaste,1,6800.35,2024-08-21,Hrazdan,1879,Hygiene,6800.35
617,Lotion,2,9043.77,2023-03-31,Gyumri,1237,Body,18087.54
618,Conditioner,2,10557.72,2024-01-25,Abovyan,1381,Hair,21115.44
619,Hair Oil,5,3382.18,2024-08-04,Gyumri,1666,Hair,16910.899999999998
620,Hand Cream,3,9900.04,2023-02-13,Abovyan,1751,Body,29700.120000000003
621,Face Cream,2,7303.42,2024-12-12,Gyumri,1135,Face,14606.84
622,Serum,3,5663.81,2024-10-25,Abovyan,1406,Face,16991.43
623,Shampoo,4,2883.01,2024-08-20,Vanadzor,1507,Hair,11532.04
624,Hand Cream,1,10585.61,2023-01-19,Yerevan,1361,Body,10585.61
625,Shampoo,5,3151.37,2023-04-11,Vanadzor,1380,Hair,15756.849999999999
626,Hair Oil,3,4752.77,2024-08-29,Yerevan,1880,Hair,14258.310000000001
627,Face Cream,2,4545.48,2023-12-23,Vanadzor,1575,Face,9090.96
628,Body Wash,3,10649.85,2024-06-25,Vanadzor,1634,Body,31949.550000000003
629,Serum,2,8563.38,2023-02-02,Gyumri,1253,Face,17126.76
630,Conditioner,3,9865.15,2023-08-17,Hrazdan,1476,Hair,29595.449999999997
631,Body Wash,2,4129.91,2024-06-07,Abovyan,1113,Body,8259.82
632,Hair Oil,4,8061.18,2024-09-21,Abovyan,1019,Hair,32244.72
633,Hand Cream,2,7503.33,2023-06-04,Abovyan,1527,Body,15006.66
634,Conditioner,2,10244.72,2024-02-27,Yerevan,1144,Hair,20489.44
635,Lotion,1,11013.91,2023-09-03,Abovyan,1207,Body,11013.91
636,Toothpaste,2,1627.65,2024-02-09,Abovyan,1530,Hygiene,3255.3
637,Conditioner,1,8577.21,2024-06-24,Gyumri,1375,Hair,8577.21
638,Hair Oil,5,2044.28,2023-06-10,Vanadzor,1503,Hair,10221.4
639,Mask,1,7263.02,2024-12-02,Abovyan,1903,Face,7263.02
640,Toothpaste,4,4520.14,2023-04-27,Hrazdan,1165,Hygiene,18080.56
641,Shampoo,1,4721.15,2023-09-28,Abovyan,1549,Hair,4721.15
642,Serum,5,5206.06,2024-11-22,Yerevan,1180,Face,26030.300000000003
643,Shampoo,4,8023.57,2024-05-01,Yerevan,1860,Hair,32094.28
644,Conditioner,3,5007.52,2023-06-21,Yerevan,1616,Hair,15022.560000000001
645,Shampoo,3,9193.34,2023-10-01,Abovyan,1611,Hair,27580.02
646,Hair Oil,1,5747.54,2023-09-16,Gyumri,1601,Hair,5747.54
647,Lotion,1,2217.71,2023-05-15,Hrazdan,1926,Body,2217.71
648,Hand Cream,5,9729.48,2024-11-13,Abovyan,1811,Body,48647.399999999994
649,Serum,5,4500.46,2024-12-22,Gyumri,1443,Face,22502.3
650,Shampoo,2,6044.05,2024-02-26,Gyumri,1331,Hair,12088.1
651,Shampoo,5,8697.16,2024-02-25,Abovyan,1502,Hair,43485.8
652,Conditioner,2,4990.79,2023-07-05,Abovyan,1912,Hair,9981.58
653,Hand Cream,4,2094.15,2023-12-30,Gyumri,1078,Body,8376.6
654,Body Wash,1,5426.17,2024-08-29,Gyumri,1584,Body,5426.17
655,Shampoo,4,11416.71,2024-01-13,Gyumri,1934,Hair,45666.84
656,Hair Oil,5,8238.21,2024-06-06,Abovyan,1937,Hair,41191.049999999996
657,Mask,4,8550.53,2024-08-02,Gyumri,1687,Face,34202.12
658,Serum,4,8138.96,2024-12-22,Yerevan,1395,Face,32555.84
659,Shampoo,4,3589.42,2023-07-15,Abovyan,1607,Hair,14357.68
660,Hair Oil,5,5892.51,2023-04-08,Yerevan,1856,Hair,29462.550000000003
661,Hair Oil,4,9384.87,2024-08-27,Vanadzor,1102,Hair,37539.48
662,Serum,2,2564.42,2023-01-22,Abovyan,1401,Face,5128.84
663,Body Wash,5,4417.45,2024-03-25,Vanadzor,1974,Body,22087.25
664,Hair Oil,4,4401.35,2023-06-21,Gyumri,1223,Hair,17605.4
665,Mask,5,6036.2,2024-01-18,Gyumri,1517,Face,30181.0
666,Hair Oil,3,11793.87,2023-05-14,Hrazdan,1633,Hair,35381.61
667,Hair Oil,2,2208.78,2024-03-01,Gyumri,1235,Hair,4417.56
668,Hair Oil,4,6946.36,2023-01-25,Vanadzor,1426,Hair,27785.44
669,Lotion,3,3383.33,2024-05-17,Gyumri,1115,Body,10149.99
670,Lotion,3,11692.1,2023-07-04,Abovyan,1162,Body,35076.3
671,Body Wash,5,2689.69,2023-03-26,Gyumri,1225,Body,13448.45
672,Shampoo,3,5737.81,2024-07-20,Hrazdan,1229,Hair,17213.43
673,Hair Oil,2,9247.79,2023-05-24,Gyumri,1181,Hair,18495.58
674,Hand Cream,2,8897.82,2024-11-09,Vanadzor,1248,Body,17795.64
675,Shampoo,1,5938.65,2024-02-16,Vanadzor,1317,Hair,5938.65
676,Body Wash,2,5138.5,2023-08-12,Gyumri,1964,Body,10277.0
677,Face Cream,3,5674.93,2023-08-08,Vanadzor,1209,Face,17024.79
678,Shampoo,2,4274.9,2023-06-28,Vanadzor,1655,Hair,8549.8
679,Shampoo,5,3656.0,2024-09-22,Hrazdan,1391,Hair,18280.0
680,Toothpaste,1,6571.92,2024-03-08,Abovyan,1856,Hygiene,6571.92
681,Conditioner,3,4319.6,2023-09-22,Hrazdan,1095,Hair,12958.800000000001
682,Toothpaste,1,4518.35,2024-03-04,Yerevan,1893,Hygiene,4518.35
683,Mask,3,8395.94,2024-10-23,Hrazdan,1857,Face,25187.82
684,Lotion,5,11669.64,2024-02-20,Gyumri,1755,Body,58348.2
685,Lotion,1,7838.19,2024-03-28,Abovyan,1085,Body,7838.19
686,Conditioner,4,2308.28,2024-12-27,Gyumri,1414,Hair,9233.12
687,Serum,3,2293.63,2023-07-16,Yerevan,1393,Face,6880.89
688,Serum,4,11489.94,2024-07-07,Abovyan,1695,Face,45959.76
689,Body Wash,1,4621.55,2023-02-22,Vanadzor,1632,Body,4621.55
690,Conditioner,4,2466.7,2024-04-24,Hrazdan,1843,Hair,9866.8
691,Shampoo,4,7789.97,2024-03-18,Gyumri,1500,Hair,31159.88
692,Serum,1,8048.31,2023-11-26,Yerevan,1603,Face,8048.31
693,Hair Oil,5,8309.3,2023-09-08,Vanadzor,1581,Hair,41546.5
694,Hand Cream,4,4307.72,2023-05-03,Hrazdan,1915,Body,17230.88
695,Shampoo,4,1658.66,2024-01-22,Vanadzor,1132,Hair,6634.64
696,Mask,5,11632.66,2023-12-05,Hrazdan,1790,Face,58163.3
697,Hair Oil,4,4134.38,2023-12-14,Abovyan,1648,Hair,16537.52
698,Hair Oil,4,8598.28,2023-01-29,Vanadzor,1313,Hair,34393.12
699,Conditioner,4,8919.61,2023-02-04,Vanadzor,1698,Hair,35678.44
700,Body Wash,2,7905.08,2024-06-01,Vanadzor,1220,Body,15810.16
701,Mask,5,4785.53,2024-01-31,Abovyan,1975,Face,23927.649999999998
702,Serum,4,4346.51,2024-09-14,Yerevan,1437,Face,17386.04
703,Conditioner,5,7775.52,2023-10-21,Hrazdan,1045,Hair,38877.600000000006
704,Serum,3,10594.0,2024-08-11,Vanadzor,1789,Face,31782.0
705,Conditioner,3,11440.7,2023-12-15,Abovyan,1191,Hair,34322.100000000006
706,Conditioner,4,2612.01,2023-05-27,Yerevan,1519,Hair,10448.04
707,Conditioner,5,3125.7,2023-03-08,Hrazdan,1378,Hair,15628.5
708,Body Wash,5,11419.73,2024-06-03,Abovyan,1787,Body,57098.649999999994
709,Conditioner,5,9233.62,2023-05-02,Hrazdan,1690,Hair,46168.100000000006
710,Face Cream,2,10771.44,2023-12-06,Vanadzor,1333,Face,21542.88
711,Hand Cream,3,3627.64,2023-06-24,Yerevan,1038,Body,10882.92
712,Serum,5,7669.65,2024-11-21,Abovyan,1292,Face,38348.25
713,Shampoo,5,8861.97,2024-08-19,Yerevan,1689,Hair,44309.85
714,Toothpaste,2,8641.17,2024-03-26,Vanadzor,1161,Hygiene,17282.34
715,Mask,2,5785.59,2024-07-10,Yerevan,1330,Face,11571.18
716,Lotion,5,1661.65,2023-05-16,Yerevan,1885,Body,8308.25
717,Body Wash,1,7620.72,2023-01-16,Gyumri,1103,Body,7620.72
718,Shampoo,5,4157.57,2023-11-29,Yerevan,1160,Hair,20787.85
719,Hair Oil,5,6227.67,2023-07-14,Hrazdan,1798,Hair,31138.35
720,Face Cream,2,11554.6,2024-05-10,Abovyan,1634,Face,23109.2
721,Lotion,2,5689.87,2023-01-09,Gyumri,1053,Body,11379.74
722,Toothpaste,5,10317.92,2023-11-30,Abovyan,1939,Hygiene,51589.6
723,Shampoo,5,3479.68,2023-11-29,Abovyan,1033,Hair,17398.399999999998
724,Lotion,5,8560.84,2023-11-23,Vanadzor,1241,Body,42804.2
725,Shampoo,2,11758.57,2023-01-15,Vanadzor,1966,Hair,23517.14
726,Face Cream,5,2569.88,2024-09-05,Gyumri,1889,Face,12849.400000000001
727,Toothpaste,5,1587.36,2023-08-14,Vanadzor,1112,Hygiene,7936.799999999999
728,Hair Oil,4,6052.62,2024-02-29,Vanadzor,1317,Hair,24210.48
729,Conditioner,1,2472.57,2024-02-12,Vanadzor,1022,Hair,2472.57
730,Serum,3,9358.04,2023-04-23,Abovyan,1557,Face,28074.120000000003
731,Hair Oil,1,11102.76,2024-03-03,Gyumri,1823,Hair,11102.76
732,Conditioner,4,6057.22,2023-01-01,Abovyan,1646,Hair,24228.88
733,Body Wash,3,4216.47,2023-09-23,Hrazdan,1117,Body,12649.41
734,Hand Cream,5,6061.23,2024-05-05,Abovyan,1984,Body,30306.149999999998
735,Mask,4,9096.2,2023-07-27,Hrazdan,1700,Face,36384.8
736,Mask,5,1595.07,2024-09-13,Yerevan,1642,Face,7975.349999999999
737,Serum,2,7689.27,2024-12-12,Yerevan,1933,Face,15378.54
738,Toothpaste,4,7939.56,2024-01-04,Hrazdan,1211,Hygiene,31758.24
739,Face Cream,2,8195.73,2023-11-02,Hrazdan,1417,Face,16391.46
740,Toothpaste,4,4041.23,2023-01-12,Abovyan,1112,Hygiene,16164.92
741,Face Cream,4,8997.55,2023-12-11,Hrazdan,1043,Face,35990.2
742,Toothpaste,2,2459.61,2024-04-09,Gyumri,1127,Hygiene,4919.22
743,Hand Cream,3,3592.34,2024-11-30,Yerevan,1875,Body,10777.02
744,Body Wash,1,10713.44,2024-10-27,Yerevan,1157,Body,10713.44
745,Body Wash,5,9256.59,2024-05-08,Hrazdan,1784,Body,46282.95
746,Conditioner,4,1644.33,2024-01-03,Vanadzor,1826,Hair,6577.32
747,Lotion,5,4107.95,2024-02-24,Vanadzor,1393,Body,20539.75
748,Body Wash,2,3751.27,2023-06-20,Hrazdan,1866,Body,7502.54
749,Body Wash,5,4343.47,2023-05-14,Gyumri,1851,Body,21717.350000000002
750,Hair Oil,2,4099.38,2024-03-02,Vanadzor,1511,Hair,8198.76
751,Hair Oil,5,2156.53,2023-01-25,Hrazdan,1913,Hair,10782.650000000001
752,Conditioner,1,6318.88,2024-06-13,Gyumri,1044,Hair,6318.88
753,Lotion,1,9193.7,2023-07-09,Gyumri,1107,Body,9193.7
754,Serum,1,7870.68,2023-05-21,Abovyan,1218,Face,7870.68
755,Hair Oil,1,8565.15,2024-07-08,Gyumri,1442,Hair,8565.15
756,Serum,1,2352.07,2024-10-19,Vanadzor,1829,Face,2352.07
757,Shampoo,1,11490.65,2023-11-11,Vanadzor,1314,Hair,11490.65
758,Hair Oil,2,10304.16,2024-03-19,Hrazdan,1176,Hair,20608.32
759,Hand Cream,4,9953.45,2023-11-15,Hrazdan,1227,Body,39813.8
760,Lotion,5,10141.33,2024-03-16,Gyumri,1702,Body,50706.65
761,Conditioner,1,11293.46,2023-04-02,Yerevan,1982,Hair,11293.46
762,Shampoo,2,7214.67,2023-06-28,Abovyan,1671,Hair,14429.34
763,Lotion,2,3602.96,2023-02-25,Yerevan,1905,Body,7205.92
764,Hand Cream,2,7976.23,2023-06-04,Gyumri,1266,Body,15952.46
765,Lotion,4,9300.26,2024-11-02,Gyumri,1869,Body,37201.04
766,Hand Cream,5,9248.13,2023-04-21,Yerevan,1837,Body,46240.649999999994
767,Hand Cream,4,6975.21,2023-05-17,Abovyan,1378,Body,27900.84
768,Serum,3,2218.82,2023-08-20,Yerevan,1488,Face,6656.460000000001
769,Toothpaste,2,5396.69,2024-04-12,Hrazdan,1701,Hygiene,10793.38
770,Shampoo,3,11168.05,2024-04-25,Vanadzor,1686,Hair,33504.149999999994
771,Lotion,1,7636.71,2023-03-09,Hrazdan,1289,Body,7636.71
772,Face Cream,1,7152.49,2023-09-06,Vanadzor,1995,Face,7152.49
773,Shampoo,4,4322.96,2023-11-19,Gyumri,1356,Hair,17291.84
774,Toothpaste,5,5368.71,2024-06-01,Abovyan,1656,Hygiene,26843.55
775,Shampoo,3,10901.13,2024-03-07,Yerevan,1743,Hair,32703.39
776,Body Wash,5,8497.86,2024-05-01,Abovyan,1871,Body,42489.3
777,Face Cream,4,9767.56,2024-08-28,Yerevan,1949,Face,39070.24
778,Toothpaste,1,6270.63,2024-03-04,Hrazdan,1203,Hygiene,6270.63
779,Serum,5,8117.6,2023-09-26,Hrazdan,1212,Face,40588.0
780,Lotion,5,4108.03,2024-12-09,Yerevan,1551,Body,20540.149999999998
781,Mask,1,8907.34,2024-06-20,Abovyan,1786,Face,8907.34
782,Toothpaste,3,5989.81,2023-05-28,Yerevan,1322,Hygiene,17969.43
783,Conditioner,1,6146.73,2023-04-28,Gyumri,1593,Hair,6146.73
784,Lotion,5,8317.88,2024-01-02,Hrazdan,1180,Body,41589.399999999994
785,Toothpaste,3,11330.95,2023-03-07,Gyumri,1498,Hygiene,33992.850000000006
786,Body Wash,3,2172.07,2024-01-05,Hrazdan,1319,Body,6516.210000000001
787,Mask,1,10159.8,2023-06-24,Hrazdan,1082,Face,10159.8
788,Body Wash,5,4570.02,2024-08-10,Vanadzor,1302,Body,22850.100000000002
789,Mask,4,6161.15,2024-05-09,Gyumri,1261,Face,24644.6
790,Conditioner,5,1730.09,2023-04-24,Gyumri,1783,Hair,8650.449999999999
791,Lotion,2,4660.98,2023-04-21,Vanadzor,1199,Body,9321.96
792,Serum,4,6777.63,2024-03-14,Abovyan,1239,Face,27110.52
793,Body Wash,3,2089.85,2024-12-15,Gyumri,1913,Body,6269.549999999999
794,Body Wash,4,6656.51,2023-05-27,Yerevan,1691,Body,26626.04
795,Hand Cream,3,11234.66,2023-02-04,Vanadzor,1943,Body,33703.979999999996
796,Mask,3,2606.63,2023-11-05,Gyumri,1682,Face,7819.89
797,Hair Oil,4,9526.63,2024-06-21,Abovyan,1294,Hair,38106.52
798,Lotion,3,5801.55,2023-01-14,Gyumri,1511,Body,17404.65
799,Mask,3,8379.32,2024-01-09,Hrazdan,1688,Face,25137.96
800,Hand Cream,2,4232.48,2024-07-10,Yerevan,1880,Body,8464.96
801,Shampoo,5,3174.67,2024-03-03,Vanadzor,1395,Hair,15873.35
802,Mask,5,3184.86,2024-12-28,Hrazdan,1748,Face,15924.300000000001
803,Serum,2,2240.17,2023-08-21,Abovyan,1137,Face,4480.34
804,Lotion,4,3449.29,2024-12-05,Hrazdan,1838,Body,13797.16
805,Hand Cream,1,8474.3,2024-07-16,Hrazdan,1877,Body,8474.3
806,Shampoo,1,10757.75,2024-12-26,Abovyan,1822,Hair,10757.75
807,Face Cream,1,10048.32,2024-10-24,Hrazdan,1128,Face,10048.32
808,Hand Cream,2,8693.91,2024-03-15,Vanadzor,1048,Body,17387.82
809,Face Cream,2,2659.53,2024-05-16,Gyumri,1675,Face,5319.06
810,Lotion,3,4536.47,2023-10-02,Hrazdan,1788,Body,13609.41
811,Body Wash,1,4752.97,2023-03-17,Vanadzor,1292,Body,4752.97
812,Hand Cream,4,4124.55,2024-03-14,Gyumri,1627,Body,16498.2
813,Conditioner,4,6907.56,2024-11-29,Gyumri,1535,Hair,27630.24
814,Face Cream,1,7123.32,2023-10-16,Hrazdan,1310,Face,7123.32
815,Serum,1,5247.3,2024-06-23,Vanadzor,1536,Face,5247.3
816,Conditioner,1,5214.79,2024-11-22,Hrazdan,1902,Hair,5214.79
817,Toothpaste,2,10199.83,2023-09-10,Abovyan,1638,Hygiene,20399.66
818,Toothpaste,2,9787.57,2023-05-06,Gyumri,1233,Hygiene,19575.14
819,Shampoo,2,4731.86,2023-06-26,Hrazdan,1208,Hair,9463.72
820,Body Wash,5,11094.78,2023-02-06,Gyumri,1604,Body,55473.9
821,Lotion,4,11504.56,2024-02-14,Vanadzor,1093,Body,46018.24
822,Hand Cream,4,4930.8,2024-09-02,Yerevan,1326,Body,19723.2
823,Hair Oil,3,5221.46,2024-09-01,Hrazdan,1224,Hair,15664.380000000001
824,Serum,2,6809.16,2023-05-07,Hrazdan,1966,Face,13618.32
825,Face Cream,5,11381.77,2024-04-27,Gyumri,1889,Face,56908.850000000006
826,Lotion,5,10701.35,2023-06-17,Vanadzor,1791,Body,53506.75
827,Conditioner,4,2576.96,2024-08-14,Abovyan,1010,Hair,10307.84
828,Toothpaste,2,5623.67,2023-10-21,Vanadzor,1328,Hygiene,11247.34
829,Serum,3,7310.4,2024-09-29,Hrazdan,1011,Face,21931.199999999997
830,Hair Oil,2,6782.89,2023-12-09,Abovyan,1034,Hair,13565.78
831,Hand Cream,1,3535.56,2023-11-06,Vanadzor,1446,Body,3535.56
832,Shampoo,2,10517.58,2024-10-23,Yerevan,1451,Hair,21035.16
833,Hair Oil,1,8607.88,2024-06-11,Gyumri,1739,Hair,8607.88
834,Serum,1,10298.04,2024-06-23,Vanadzor,1219,Face,10298.04
835,Hair Oil,3,10517.02,2024-02-23,Vanadzor,1440,Hair,31551.06
836,Serum,4,9357.74,2024-03-19,Yerevan,1652,Face,37430.96
837,Serum,2,6111.71,2024-11-15,Hrazdan,1534,Face,12223.42
838,Mask,1,7910.74,2024-07-11,Gyumri,1594,Face,7910.74
839,Face Cream,2,3183.84,2023-08-24,Vanadzor,1228,Face,6367.68
840,Toothpaste,4,8573.28,2024-03-14,Abovyan,1934,Hygiene,34293.12
841,Mask,4,3382.16,2023-08-02,Vanadzor,1343,Face,13528.64
842,Hand Cream,5,8786.47,2023-03-26,Gyumri,1079,Body,43932.35
843,Mask,4,3910.78,2023-03-26,Vanadzor,1352,Face,15643.12
844,Body Wash,3,2734.29,2024-05-03,Yerevan,1395,Body,8202.869999999999
845,Body Wash,1,3235.49,2023-03-06,Vanadzor,1289,Body,3235.49
846,Toothpaste,5,1520.92,2024-10-07,Vanadzor,1454,Hygiene,7604.6
847,Hair Oil,3,9046.77,2024-10-24,Abovyan,1842,Hair,27140.31
848,Face Cream,2,9190.21,2024-09-18,Yerevan,1670,Face,18380.42
849,Toothpaste,1,6906.8,2023-03-05,Yerevan,1988,Hygiene,6906.8
850,Serum,4,3194.31,2023-12-09,Vanadzor,1127,Face,12777.24
851,Conditioner,1,2377.32,2023-12-18,Abovyan,1701,Hair,2377.32
852,Face Cream,2,1700.85,2023-06-07,Vanadzor,1908,Face,3401.7
853,Face Cream,5,3240.36,2024-08-11,Vanadzor,1542,Face,16201.800000000001
854,Serum,5,10853.98,2024-05-05,Gyumri,1897,Face,54269.899999999994
855,Serum,5,4036.14,2024-10-19,Gyumri,1358,Face,20180.7
856,Shampoo,4,5219.85,2024-04-07,Abovyan,1526,Hair,20879.4
857,Toothpaste,3,2606.13,2023-08-13,Hrazdan,1312,Hygiene,7818.39
858,Serum,3,3834.79,2023-11-09,Gyumri,1074,Face,11504.369999999999
859,Body Wash,1,6951.86,2024-09-06,Hrazdan,1545,Body,6951.86
860,Hand Cream,4,7881.4,2024-04-10,Yerevan,1870,Body,31525.6
861,Conditioner,5,4076.2,2023-03-29,Gyumri,1195,Hair,20381.0
862,Toothpaste,5,2106.19,2023-10-30,Gyumri,1842,Hygiene,10530.95
863,Lotion,2,5605.85,2024-11-10,Abovyan,1028,Body,11211.7
864,Body Wash,2,3959.14,2024-03-10,Hrazdan,1705,Body,7918.28
865,Hair Oil,5,3805.32,2024-11-12,Gyumri,1015,Hair,19026.600000000002
866,Serum,5,11578.56,2023-05-15,Gyumri,1422,Face,57892.799999999996
867,Lotion,4,7971.16,2023-02-19,Abovyan,1588,Body,31884.64
868,Serum,3,7347.22,2024-03-07,Abovyan,1804,Face,22041.66
869,Face Cream,2,5865.64,2023-12-06,Hrazdan,1592,Face,11731.28
870,Body Wash,3,6003.92,2023-12-13,Yerevan,1404,Body,18011.760000000002
871,Face Cream,4,7179.5,2024-10-07,Yerevan,1939,Face,28718.0
872,Shampoo,5,8812.51,2023-12-13,Vanadzor,1635,Hair,44062.55
873,Face Cream,3,8872.53,2024-10-10,Gyumri,1530,Face,26617.590000000004
874,Shampoo,5,3302.79,2023-09-02,Hrazdan,1966,Hair,16513.95
875,Shampoo,5,6751.18,2023-04-19,Gyumri,1613,Hair,33755.9
876,Lotion,1,5825.56,2024-06-16,Hrazdan,1903,Body,5825.56
877,Serum,3,10640.53,2023-03-31,Hrazdan,1076,Face,31921.590000000004
878,Hair Oil,3,8129.9,2023-10-23,Hrazdan,1228,Hair,24389.699999999997
879,Face Cream,5,7091.29,2023-04-22,Gyumri,1961,Face,35456.45
880,Body Wash,4,2711.64,2024-08-11,Abovyan,1296,Body,10846.56
881,Shampoo,1,7859.2,2023-06-26,Gyumri,1509,Hair,7859.2
882,Serum,5,2730.64,2023-12-09,Hrazdan,1714,Face,13653.199999999999
883,Conditioner,2,5040.67,2024-10-21,Vanadzor,1983,Hair,10081.34
884,Toothpaste,2,2999.84,2023-04-11,Yerevan,1965,Hygiene,5999.68
885,Lotion,1,8766.77,2024-09-20,Hrazdan,1572,Body,8766.77
886,Hair Oil,4,3665.65,2024-08-26,Vanadzor,1537,Hair,14662.6
887,Mask,5,5614.52,2024-02-05,Abovyan,1582,Face,28072.600000000002
888,Lotion,3,10904.59,2023-01-28,Hrazdan,1614,Body,32713.77
889,Conditioner,1,3645.32,2024-06-20,Vanadzor,1978,Hair,3645.32
890,Toothpaste,4,6831.95,2023-02-27,Hrazdan,1325,Hygiene,27327.8
891,Conditioner,3,5902.35,2024-05-12,Gyumri,1362,Hair,17707.050000000003
892,Face Cream,2,1690.3,2023-10-24,Vanadzor,1668,Face,3380.6
893,Shampoo,2,9823.96,2023-05-14,Gyumri,1874,Hair,19647.92
894,Hair Oil,3,2224.98,2023-11-27,Gyumri,1358,Hair,6674.9400000000005
895,Hand Cream,1,6479.68,2023-09-06,Vanadzor,1705,Body,6479.68
896,Shampoo,2,7387.12,2024-07-03,Yerevan,1786,Hair,14774.24
897,Hand Cream,5,8098.48,2023-03-16,Vanadzor,1323,Body,40492.399999999994
898,Toothpaste,3,8730.63,2024-10-15,Yerevan,1697,Hygiene,26191.89
899,Serum,3,4159.36,2023-06-17,Hrazdan,1325,Face,12478.079999999998
900,Mask,2,1604.78,2024-05-17,Hrazdan,1624,Face,3209.56
901,Body Wash,1,9096.16,2023-12-21,Vanadzor,1824,Body,9096.16
902,Shampoo,5,7124.39,2023-08-13,Hrazdan,1164,Hair,35621.950000000004
903,Hair Oil,1,10279.24,2024-10-25,Abovyan,1572,Hair,10279.24
904,Conditioner,4,10124.58,2024-06-14,Gyumri,1603,Hair,40498.32
905,Hair Oil,4,10354.92,2023-05-26,Gyumri,1797,Hair,41419.68
906,Toothpaste,2,6593.49,2023-08-29,Yerevan,1454,Hygiene,13186.98
907,Hand Cream,2,5003.1,2023-12-10,Hrazdan,1968,Body,10006.2
908,Conditioner,2,9811.36,2023-02-04,Yerevan,1152,Hair,19622.72
909,Body Wash,4,6238.59,2024-12-02,Gyumri,1736,Body,24954.36
910,Body Wash,1,3426.14,2023-01-01,Gyumri,1126,Body,3426.14
911,Shampoo,1,10477.23,2023-06-02,Hrazdan,1192,Hair,10477.23
912,Toothpaste,2,10766.88,2024-03-04,Abovyan,1626,Hygiene,21533.76
913,Serum,5,6396.25,2024-05-22,Abovyan,1773,Face,31981.25
914,Toothpaste,1,2294.85,2023-05-06,Hrazdan,1529,Hygiene,2294.85
915,Hand Cream,4,5572.17,2024-05-05,Hrazdan,1009,Body,22288.68
916,Hair Oil,3,9937.15,2024-04-26,Yerevan,1091,Hair,29811.449999999997
917,Body Wash,3,10968.63,2023-12-11,Hrazdan,1138,Body,32905.89
918,Hair Oil,3,3636.46,2023-08-09,Abovyan,1480,Hair,10909.380000000001
919,Hair Oil,5,2203.22,2024-12-23,Hrazdan,1448,Hair,11016.099999999999
920,Hair Oil,2,10712.18,2023-01-25,Yerevan,1332,Hair,21424.36
921,Body Wash,4,5588.75,2024-06-11,Yerevan,1868,Body,22355.0
922,Lotion,5,7188.49,2023-07-01,Yerevan,1339,Body,35942.45
923,Face Cream,4,11664.69,2024-05-13,Yerevan,1960,Face,46658.76
924,Hand Cream,4,2198.93,2024-10-02,Vanadzor,1051,Body,8795.72
925,Lotion,2,8307.34,2023-02-11,Hrazdan,1706,Body,16614.68
926,Hand Cream,3,2278.11,2024-04-25,Gyumri,1465,Body,6834.33
927,Conditioner,2,5442.42,2024-03-14,Hrazdan,1717,Hair,10884.84
928,Toothpaste,5,9940.05,2024-02-06,Vanadzor,1798,Hygiene,49700.25
929,Toothpaste,5,6051.46,2024-06-29,Yerevan,1474,Hygiene,30257.3
930,Mask,5,11970.41,2023-12-11,Vanadzor,1400,Face,59852.05
931,Toothpaste,2,7370.12,2023-02-14,Abovyan,1438,Hygiene,14740.24
932,Body Wash,4,4872.2,2024-10-07,Abovyan,1877,Body,19488.8
933,Serum,4,3811.17,2023-01-21,Hrazdan,1604,Face,15244.68
934,Shampoo,1,5180.47,2024-09-25,Hrazdan,1931,Hair,5180.47
935,Mask,5,5411.6,2023-03-11,Gyumri,1996,Face,27058.0
936,Shampoo,4,2221.49,2023-02-17,Gyumri,1921,Hair,8885.96
937,Hand Cream,1,5380.53,2024-05-05,Abovyan,1820,Body,5380.53
938,Shampoo,4,6374.5,2024-07-04,Yerevan,1656,Hair,25498.0
939,Shampoo,5,9088.75,2023-10-14,Vanadzor,1597,Hair,45443.75
940,Mask,3,8395.66,2023-01-10,Gyumri,1508,Face,25186.98
941,Conditioner,5,8942.04,2024-06-25,Gyumri,1152,Hair,44710.200000000004
942,Hair Oil,2,1587.82,2023-10-01,Yerevan,1513,Hair,3175.64
943,Toothpaste,4,3785.51,2024-08-22,Yerevan,1502,Hygiene,15142.04
944,Toothpaste,4,8447.69,2024-01-16,Hrazdan,1853,Hygiene,33790.76
945,Body Wash,2,6581.89,2023-11-25,Vanadzor,1900,Body,13163.78
946,Mask,2,1555.79,2024-04-23,Yerevan,1771,Face,3111.58
947,Body Wash,3,9947.19,2023-01-15,Gyumri,1675,Body,29841.57
948,Serum,4,9614.5,2024-05-30,Gyumri,1005,Face,38458.0
949,Serum,4,7258.4,2023-07-10,Abovyan,1499,Face,29033.6
950,Body Wash,3,2197.86,2023-06-17,Yerevan,1660,Body,6593.58
951,Mask,1,9548.41,2024-06-04,Hrazdan,1716,Face,9548.41
952,Body Wash,3,7628.99,2024-09-12,Vanadzor,1117,Body,22886.97
953,Toothpaste,5,9710.58,2023-05-17,Hrazdan,1484,Hygiene,48552.9
954,Lotion,4,9393.34,2023-06-03,Gyumri,1600,Body,37573.36
955,Face Cream,2,9931.52,2024-01-23,Hrazdan,1665,Face,19863.04
956,Shampoo,5,6939.08,2023-07-28,Gyumri,1950,Hair,34695.4
957,Face Cream,4,2973.41,2023-09-29,Gyumri,1678,Face,11893.64
958,Mask,3,8547.15,2023-05-23,Gyumri,1467,Face,25641.449999999997
959,Face Cream,5,8014.97,2024-09-02,Gyumri,1160,Face,40074.85
960,Serum,4,9293.66,2023-03-10,Gyumri,1269,Face,37174.64
961,Hand Cream,1,3283.75,2023-09-04,Abovyan,1055,Body,3283.75
962,Shampoo,1,3547.24,2023-09-18,Hrazdan,1227,Hair,3547.24
963,Hair Oil,2,10849.3,2023-03-20,Abovyan,1848,Hair,21698.6
964,Mask,4,9374.77,2024-10-19,Abovyan,1148,Face,37499.08
965,Shampoo,1,11036.4,2024-09-14,Yerevan,1045,Hair,11036.4
966,Face Cream,3,9466.51,2024-08-27,Yerevan,1143,Face,28399.53
967,Serum,4,7770.13,2024-06-08,Yerevan,1749,Face,31080.52
968,Conditioner,3,8368.39,2024-09-12,Vanadzor,1783,Hair,25105.17
969,Lotion,3,10835.84,2023-11-26,Yerevan,1631,Body,32507.52
970,Hair Oil,1,7577.47,2023-07-08,Hrazdan,1339,Hair,7577.47
971,Lotion,4,8140.11,2023-04-05,Abovyan,1412,Body,32560.44
972,Shampoo,5,3143.01,2024-09-08,Hrazdan,1731,Hair,15715.050000000001
973,Serum,1,6476.17,2023-01-08,Yerevan,1519,Face,6476.17
974,Serum,1,9022.17,2023-03-08,Vanadzor,1343,Face,9022.17
975,Face Cream,4,4344.9,2024-05-10,Vanadzor,1386,Face,17379.6
976,Toothpaste,4,3623.67,2023-07-10,Abovyan,1472,Hygiene,14494.68
977,Face Cream,3,4795.18,2024-01-01,Hrazdan,1274,Face,14385.54
978,Toothpaste,4,4035.76,2024-06-04,Gyumri,1352,Hygiene,16143.04
979,Toothpaste,3,3756.58,2023-04-27,Hrazdan,1065,Hygiene,11269.74
980,Hair Oil,1,5960.93,2023-09-24,Yerevan,1078,Hair,5960.93
981,Face Cream,2,11032.3,2024-09-02,Gyumri,1597,Face,22064.6
982,Conditioner,5,6824.13,2024-04-29,Vanadzor,1635,Hair,34120.65
983,Body Wash,1,3473.16,2024-05-23,Abovyan,1201,Body,3473.16
984,Body Wash,4,2308.2,2023-10-25,Abovyan,1977,Body,9232.8
985,Face Cream,5,8809.64,2023-06-13,Vanadzor,1661,Face,44048.2
986,Face Cream,2,5519.39,2024-01-11,Yerevan,1557,Face,11038.78
987,Lotion,2,10129.22,2024-10-14,Vanadzor,1112,Body,20258.44
988,Hair Oil,3,8424.86,2023-09-25,Yerevan,1090,Hair,25274.58
989,Face Cream,5,9860.54,2024-07-02,Gyumri,1140,Face,49302.700000000004
990,Lotion,3,4355.43,2023-03-15,Vanadzor,1288,Body,13066.29
991,Toothpaste,1,8769.77,2024-05-22,Yerevan,1900,Hygiene,8769.77
992,Serum,5,4272.65,2023-03-14,Gyumri,1729,Face,21363.25
993,Serum,1,11360.22,2023-11-04,Vanadzor,1588,Face,11360.22
994,Toothpaste,3,8181.93,2023-07-18,Abovyan,1410,Hygiene,24545.79
995,Mask,5,4907.37,2023-05-10,Vanadzor,1376,Face,24536.85
996,Lotion,3,4329.87,2024-07-25,Hrazdan,1383,Body,12989.61
997,Lotion,5,3504.73,2024-09-06,Vanadzor,1845,Body,17523.65
998,Toothpaste,3,8793.73,2024-05-01,Hrazdan,1151,Hygiene,26381.19
999,Conditioner,2,3796.51,2023-05-31,Gyumri,1834,Hair,7593.02
1000,Hand Cream,3,7750.68,2024-10-30,Vanadzor,1750,Body,23252.04
1001,Shampoo,2,4278.67,2023-07-25,Gyumri,1626,Hair,8557.34
1002,Toothpaste,3,8450.67,2023-06-28,Gyumri,1318,Hygiene,25352.010000000002
1003,Face Cream,5,10056.87,2023-07-16,Yerevan,1368,Face,50284.350000000006
1004,Face Cream,5,9669.27,2023-03-30,Gyumri,1605,Face,48346.350000000006
1005,Hair Oil,5,9488.94,2024-03-09,Gyumri,1994,Hair,47444.700000000004
1006,Toothpaste,4,3471.09,2023-07-02,Vanadzor,1559,Hygiene,13884.36
1007,Hair Oil,1,2428.04,2023-07-28,Vanadzor,1702,Hair,2428.04
1008,Toothpaste,5,8838.96,2024-05-07,Abovyan,1461,Hygiene,44194.799999999996
1009,Lotion,2,5367.65,2023-05-10,Yerevan,1011,Body,10735.3
1010,Shampoo,5,6039.64,2024-10-26,Gyumri,1155,Hair,30198.2
1011,Lotion,4,1827.07,2023-01-13,Yerevan,1683,Body,7308.28
1012,Hand Cream,2,4225.55,2024-09-25,Hrazdan,1476,Body,8451.1
1013,Serum,4,1853.6,2023-04-16,Gyumri,1938,Face,7414.4
1014,Body Wash,2,10731.45,2024-01-10,Yerevan,1400,Body,21462.9
1015,Toothpaste,3,4055.67,2024-08-04,Abovyan,1807,Hygiene,12167.01
1016,Hand Cream,1,7352.04,2024-12-07,Abovyan,1176,Body,7352.04
1017,Serum,1,1909.28,2024-11-28,Gyumri,1340,Face,1909.28
1018,Mask,4,8501.9,2023-04-09,Hrazdan,1056,Face,34007.6
1019,Shampoo,1,4891.79,2024-08-16,Abovyan,1854,Hair,4891.79
1020,Hair Oil,4,10928.15,2024-08-09,Abovyan,1851,Hair,43712.6
1021,Hair Oil,4,10825.24,2023-07-11,Hrazdan,1447,Hair,43300.96
1022,Lotion,4,4915.55,2023-11-21,Yerevan,1202,Body,19662.2
1023,Face Cream,1,10960.09,2024-12-26,Abovyan,1696,Face,10960.09
1024,Serum,4,11959.66,2024-04-11,Vanadzor,1632,Face,47838.64
1025,Mask,1,10166.86,2024-01-02,Abovyan,1737,Face,10166.86
1026,Hand Cream,4,10371.15,2023-11-14,Yerevan,1201,Body,41484.6
1027,Shampoo,5,4114.59,2023-05-24,Yerevan,1329,Hair,20572.95
1028,Serum,4,7555.38,2024-01-19,Gyumri,1362,Face,30221.52
1029,Mask,2,2206.19,2023-08-04,Vanadzor,1891,Face,4412.38
1030,Body Wash,4,2496.64,2023-12-27,Yerevan,1453,Body,9986.56
1031,Toothpaste,3,11988.37,2023-11-20,Hrazdan,1355,Hygiene,35965.11
1032,Hair Oil,4,4929.71,2023-01-15,Vanadzor,1215,Hair,19718.84
1033,Hand Cream,2,9355.93,2023-08-05,Vanadzor,1971,Body,18711.86
1034,Hair Oil,2,9969.98,2024-05-06,Hrazdan,1554,Hair,19939.96
1035,Hand Cream,1,10509.24,2024-06-30,Abovyan,1886,Body,10509.24
1036,Lotion,5,11975.1,2023-07-02,Hrazdan,1022,Body,59875.5
1037,Face Cream,4,4035.71,2023-09-27,Hrazdan,1154,Face,16142.84
1038,Hand Cream,1,1923.68,2024-04-11,Abovyan,1185,Body,1923.68
1039,Hair Oil,5,5817.51,2024-09-03,Abovyan,1248,Hair,29087.550000000003
1040,Lotion,4,2865.85,2024-06-02,Abovyan,1748,Body,11463.4
1041,Hand Cream,3,1735.47,2024-06-25,Abovyan,1804,Body,5206.41
1042,Body Wash,4,5284.48,2024-04-11,Abovyan,1133,Body,21137.92
1043,Face Cream,2,9729.25,2023-11-01,Hrazdan,1320,Face,19458.5
1044,Hand Cream,2,7444.9,2023-05-24,Gyumri,1389,Body,14889.8
1045,Lotion,3,4784.17,2023-04-21,Gyumri,1433,Body,14352.51
1046,Serum,1,8370.59,2023-08-20,Yerevan,1021,Face,8370.59
1047,Conditioner,5,3936.19,2024-11-21,Gyumri,1872,Hair,19680.95
1048,Mask,4,1651.01,2024-08-06,Gyumri,1599,Face,6604.04
1049,Conditioner,2,9525.71,2024-12-22,Hrazdan,1664,Hair,19051.42
1050,Conditioner,1,8049.3,2024-08-14,Abovyan,1124,Hair,8049.3
1051,Shampoo,3,9504.18,2024-05-14,Abovyan,1078,Hair,28512.54
1052,Body Wash,2,1908.85,2024-08-17,Hrazdan,1857,Body,3817.7
1053,Serum,3,10289.76,2024-07-07,Gyumri,1967,Face,30869.28
1054,Toothpaste,4,8005.03,2023-09-30,Hrazdan,1050,Hygiene,32020.12
1055,Hand Cream,5,7415.65,2024-12-03,Yerevan,1727,Body,37078.25
1056,Mask,2,8058.45,2023-06-22,Abovyan,1175,Face,16116.9
1057,Face Cream,2,10576.55,2023-01-07,Vanadzor,1869,Face,21153.1
1058,Serum,4,7662.83,2023-06-04,Yerevan,1252,Face,30651.32
1059,Hair Oil,1,7599.98,2024-06-05,Yerevan,1965,Hair,7599.98
1060,Toothpaste,5,11902.13,2024-06-29,Hrazdan,1245,Hygiene,59510.649999999994
1061,Shampoo,2,9445.67,2024-07-01,Gyumri,1738,Hair,18891.34
1062,Shampoo,5,6144.08,2024-06-01,Abovyan,1105,Hair,30720.4
1063,Serum,2,8927.67,2023-08-03,Vanadzor,1192,Face,17855.34
1064,Lotion,5,5586.92,2023-05-14,Yerevan,1315,Body,27934.6
1065,Conditioner,3,3903.19,2023-10-12,Vanadzor,1301,Hair,11709.57
1066,Hair Oil,2,7766.94,2023-05-06,Gyumri,1547,Hair,15533.88
1067,Shampoo,5,11245.91,2024-03-14,Gyumri,1953,Hair,56229.55
1068,Mask,1,11255.96,2024-11-16,Vanadzor,1715,Face,11255.96
1069,Shampoo,3,5090.01,2023-06-01,Abovyan,1933,Hair,15270.03
1070,Face Cream,3,7040.61,2023-11-27,Gyumri,1778,Face,21121.829999999998
1071,Hand Cream,1,3722.18,2024-06-21,Vanadzor,1267,Body,3722.18
1072,Shampoo,5,11954.13,2024-01-18,Yerevan,1169,Hair,59770.649999999994
1073,Face Cream,4,11801.74,2023-04-25,Vanadzor,1550,Face,47206.96
1074,Serum,1,8319.84,2024-04-26,Vanadzor,1454,Face,8319.84
1075,Serum,5,9946.35,2023-10-11,Hrazdan,1650,Face,49731.75
1076,Toothpaste,1,9008.55,2023-03-16,Gyumri,1291,Hygiene,9008.55
1077,Shampoo,1,7728.16,2023-06-15,Abovyan,1563,Hair,7728.16
1078,Mask,2,2060.15,2023-07-08,Abovyan,1798,Face,4120.3
1079,Shampoo,5,6275.03,2023-03-19,Hrazdan,1800,Hair,31375.149999999998
1080,Mask,4,8585.26,2024-08-24,Abovyan,1140,Face,34341.04
1081,Body Wash,2,8614.08,2024-11-18,Vanadzor,1145,Body,17228.16
1082,Toothpaste,1,5417.79,2023-01-21,Hrazdan,1424,Hygiene,5417.79
1083,Body Wash,1,11387.77,2024-07-19,Yerevan,1313,Body,11387.77
1084,Shampoo,1,3257.25,2023-07-03,Gyumri,1183,Hair,3257.25
1085,Toothpaste,5,6753.77,2023-08-10,Gyumri,1663,Hygiene,33768.850000000006
1086,Body Wash,5,8754.28,2023-11-24,Gyumri,1712,Body,43771.4
1087,Conditioner,2,8819.93,2023-06-28,Vanadzor,1127,Hair,17639.86
1088,Shampoo,4,8310.71,2023-04-22,Yerevan,1286,Hair,33242.84
1089,Body Wash,2,4390.53,2024-12-26,Hrazdan,1822,Body,8781.06
1090,Conditioner,3,3140.17,2023-02-28,Hrazdan,1252,Hair,9420.51
1091,Conditioner,1,8177.37,2023-11-23,Gyumri,1777,Hair,8177.37
1092,Serum,1,7792.67,2024-09-12,Yerevan,1699,Face,7792.67
1093,Shampoo,1,3383.24,2024-10-30,Yerevan,1385,Hair,3383.24
1094,Conditioner,2,8903.96,2023-07-10,Yerevan,1229,Hair,17807.92
1095,Serum,2,6279.31,2023-07-19,Abovyan,1270,Face,12558.62
1096,Body Wash,1,8511.49,2023-11-08,Abovyan,1770,Body,8511.49
1097,Face Cream,2,10292.35,2024-12-08,Gyumri,1810,Face,20584.7
1098,Shampoo,5,3282.15,2023-02-04,Yerevan,1414,Hair,16410.75
1099,Toothpaste,5,1701.02,2024-01-14,Yerevan,1197,Hygiene,8505.1
1100,Mask,2,9680.58,2024-01-22,Hrazdan,1322,Face,19361.16
1101,Mask,1,7901.82,2023-08-25,Hrazdan,1055,Face,7901.82
1102,Body Wash,2,8846.22,2024-09-07,Gyumri,1830,Body,17692.44
1103,Lotion,2,10300.63,2024-06-02,Yerevan,1202,Body,20601.26
1104,Lotion,2,9929.51,2023-10-10,Gyumri,1782,Body,19859.02
1105,Body Wash,3,11589.66,2023-01-01,Hrazdan,1620,Body,34768.979999999996
1106,Conditioner,5,7127.32,2024-12-31,Hrazdan,1627,Hair,35636.6
1107,Shampoo,4,6629.2,2024-04-08,Abovyan,1603,Hair,26516.8
1108,Mask,4,5719.82,2023-08-18,Gyumri,1137,Face,22879.28
1109,Mask,3,3113.76,2023-06-21,Gyumri,1421,Face,9341.28
1110,Conditioner,2,7512.38,2023-03-28,Yerevan,1814,Hair,15024.76
1111,Mask,3,4408.63,2024-07-06,Yerevan,1056,Face,13225.89
1112,Toothpaste,3,11173.73,2023-05-03,Abovyan,1561,Hygiene,33521.19
1113,Shampoo,1,7623.5,2023-10-25,Vanadzor,1070,Hair,7623.5
1114,Hand Cream,5,7724.82,2024-11-20,Vanadzor,1910,Body,38624.1
1115,Mask,4,5226.71,2024-07-28,Vanadzor,1913,Face,20906.84
1116,Body Wash,2,2045.89,2024-04-28,Gyumri,1593,Body,4091.78
1117,Toothpaste,4,1833.31,2023-06-14,Gyumri,1371,Hygiene,7333.24
1118,Mask,4,5945.02,2024-11-29,Hrazdan,1616,Face,23780.08
1119,Toothpaste,5,2387.94,2024-01-18,Gyumri,1599,Hygiene,11939.7
1120,Serum,4,7871.89,2023-07-28,Gyumri,1513,Face,31487.56
1121,Hand Cream,4,10750.22,2024-03-07,Gyumri,1871,Body,43000.88
1122,Hair Oil,3,10770.61,2024-01-24,Abovyan,1083,Hair,32311.83
1123,Body Wash,5,8419.98,2024-07-13,Gyumri,1993,Body,42099.899999999994
1124,Body Wash,1,3717.93,2023-08-12,Yerevan,1042,Body,3717.93
1125,Shampoo,2,10561.47,2023-01-03,Yerevan,1665,Hair,21122.94
1126,Toothpaste,4,10803.98,2024-01-07,Hrazdan,1838,Hygiene,43215.92
1127,Conditioner,2,3564.86,2024-11-17,Abovyan,1933,Hair,7129.72
1128,Body Wash,1,9242.97,2024-03-21,Yerevan,1605,Body,9242.97
1129,Toothpaste,2,4508.46,2024-09-02,Abovyan,1809,Hygiene,9016.92
1130,Toothpaste,1,9927.72,2023-04-26,Abovyan,1132,Hygiene,9927.72
1131,Face Cream,3,11971.0,2023-09-27,Hrazdan,1394,Face,35913.0
1132,Face Cream,4,1815.27,2024-03-22,Abovyan,1064,Face,7261.08
1133,Hair Oil,1,10922.34,2024-01-03,Gyumri,1289,Hair,10922.34
1134,Serum,2,8037.62,2023-09-10,Abovyan,1375,Face,16075.24
1135,Hair Oil,4,11720.52,2023-11-13,Hrazdan,1768,Hair,46882.08
1136,Mask,3,6382.6,2024-02-19,Hrazdan,1466,Face,19147.800000000003
1137,Conditioner,4,10397.57,2023-04-05,Hrazdan,1897,Hair,41590.28
1138,Mask,1,2155.14,2023-01-24,Yerevan,1212,Face,2155.14
1139,Lotion,3,5020.43,2024-09-19,Gyumri,1147,Body,15061.29
1140,Mask,2,2203.67,2024-10-24,Yerevan,1572,Face,4407.34
1141,Shampoo,3,11741.1,2023-02-19,Vanadzor,1470,Hair,35223.3
1142,Mask,3,10078.23,2024-05-16,Gyumri,1148,Face,30234.69
1143,Hair Oil,5,10451.75,2024-12-18,Abovyan,1087,Hair,52258.75
1144,Body Wash,3,11348.63,2024-05-12,Hrazdan,1323,Body,34045.89
1145,Body Wash,3,2393.59,2023-12-01,Vanadzor,1894,Body,7180.77
1146,Face Cream,4,5548.77,2023-03-20,Gyumri,1395,Face,22195.08
1147,Conditioner,2,2245.87,2024-08-04,Yerevan,1789,Hair,4491.74
1148,Conditioner,4,3713.33,2023-01-27,Hrazdan,1403,Hair,14853.32
1149,Shampoo,4,3908.34,2023-09-28,Yerevan,1081,Hair,15633.36
1150,Hair Oil,1,6425.63,2024-07-15,Gyumri,1640,Hair,6425.63
1151,Face Cream,4,4319.9,2023-09-04,Gyumri,1285,Face,17279.6
1152,Lotion,5,2560.27,2024-08-13,Vanadzor,1381,Body,12801.35
1153,Conditioner,5,3258.66,2024-01-22,Abovyan,1864,Hair,16293.3
1154,Body Wash,1,3046.39,2024-12-02,Yerevan,1791,Body,3046.39
1155,Mask,2,11717.31,2024-07-12,Vanadzor,1269,Face,23434.62
1156,Mask,2,9472.57,2023-12-27,Hrazdan,1291,Face,18945.14
1157,Face Cream,4,11661.5,2024-05-02,Abovyan,1452,Face,46646.0
1158,Hair Oil,4,6117.28,2023-12-18,Vanadzor,1714,Hair,24469.12
1159,Hair Oil,4,4422.87,2024-12-01,Yerevan,1023,Hair,17691.48
1160,Serum,2,9882.08,2023-09-13,Gyumri,1955,Face,19764.16
1161,Hand Cream,3,4925.67,2023-08-10,Hrazdan,1862,Body,14777.01
1162,Conditioner,5,4643.53,2023-01-01,Yerevan,1310,Hair,23217.649999999998
1163,Hair Oil,3,3941.31,2024-06-29,Abovyan,1460,Hair,11823.93
1164,Body Wash,3,2861.63,2024-03-21,Abovyan,1207,Body,8584.89
1165,Face Cream,2,4192.86,2023-03-20,Gyumri,1791,Face,8385.72
1166,Lotion,3,5230.86,2023-08-24,Gyumri,1716,Body,15692.579999999998
1167,Serum,1,8576.94,2023-11-30,Hrazdan,1663,Face,8576.94
1168,Toothpaste,4,2156.93,2023-12-15,Hrazdan,1437,Hygiene,8627.72
1169,Shampoo,1,3710.32,2023-04-08,Gyumri,1537,Hair,3710.32
1170,Lotion,5,9994.75,2023-03-23,Gyumri,1705,Body,49973.75
1171,Toothpaste,4,3042.68,2024-05-16,Abovyan,1335,Hygiene,12170.72
1172,Mask,3,5097.77,2024-04-21,Gyumri,1421,Face,15293.310000000001
1173,Shampoo,5,10578.92,2024-12-04,Vanadzor,1749,Hair,52894.6
1174,Conditioner,4,3126.72,2024-07-03,Yerevan,1320,Hair,12506.88
1175,Body Wash,3,2368.74,2023-01-14,Gyumri,1496,Body,7106.219999999999
1176,Shampoo,1,6587.65,2024-01-27,Hrazdan,1586,Hair,6587.65
1177,Hand Cream,4,4675.4,2023-12-13,Vanadzor,1946,Body,18701.6
1178,Toothpaste,3,7415.79,2023-11-06,Hrazdan,1162,Hygiene,22247.37
1179,Conditioner,1,9939.95,2024-01-21,Vanadzor,1810,Hair,9939.95
1180,Hand Cream,5,2940.06,2023-07-28,Gyumri,1540,Body,14700.3
1181,Mask,5,7597.34,2023-12-23,Yerevan,1164,Face,37986.7
1182,Hand Cream,5,6807.84,2024-08-23,Hrazdan,1848,Body,34039.2
1183,Serum,5,3012.83,2024-07-21,Vanadzor,1697,Face,15064.15
1184,Serum,2,8051.98,2023-04-04,Abovyan,1565,Face,16103.96
1185,Face Cream,4,4373.22,2023-04-03,Gyumri,1294,Face,17492.88
1186,Lotion,4,6622.26,2023-12-06,Yerevan,1041,Body,26489.04
1187,Lotion,2,2363.86,2024-08-19,Gyumri,1923,Body,4727.72
1188,Conditioner,3,6325.63,2024-03-20,Abovyan,1284,Hair,18976.89
1189,Mask,3,4717.87,2023-01-22,Yerevan,1938,Face,14153.61
1190,Hair Oil,5,10135.0,2023-10-18,Abovyan,1386,Hair,50675.0
1191,Serum,1,2098.28,2024-04-29,Gyumri,1137,Face,2098.28
1192,Conditioner,3,5895.38,2023-11-02,Vanadzor,1186,Hair,17686.14
1193,Hair Oil,1,6313.53,2024-09-25,Gyumri,1909,Hair,6313.53
1194,Lotion,4,9112.56,2023-05-08,Gyumri,1715,Body,36450.24
1195,Face Cream,1,7530.02,2024-09-16,Gyumri,1430,Face,7530.02
1196,Hand Cream,4,8505.73,2023-09-30,Hrazdan,1553,Body,34022.92
1197,Serum,2,9659.02,2024-03-17,Abovyan,1861,Face,19318.04
1198,Conditioner,2,10553.13,2024-05-17,Abovyan,1415,Hair,21106.26
1199,Shampoo,5,4795.69,2023-05-10,Abovyan,1799,Hair,23978.449999999997
1200,Hair Oil,3,7149.24,2023-05-12,Hrazdan,1425,Hair,21447.72
1201,Hand Cream,5,10321.13,2024-08-19,Vanadzor,1415,Body,51605.649999999994
1202,Serum,4,11889.24,2024-04-26,Gyumri,1025,Face,47556.96
1203,Lotion,5,10839.95,2024-01-25,Vanadzor,1370,Body,54199.75
1204,Mask,1,5400.41,2024-08-15,Hrazdan,1384,Face,5400.41
1205,Hair Oil,4,3549.25,2023-11-21,Abovyan,1055,Hair,14197.0
1206,Lotion,2,6638.62,2023-03-10,Gyumri,1252,Body,13277.24
1207,Serum,3,9287.24,2024-10-21,Yerevan,1633,Face,27861.72
1208,Hair Oil,4,6671.98,2024-03-23,Yerevan,1105,Hair,26687.92
1209,Hand Cream,4,6573.4,2024-06-11,Vanadzor,1129,Body,26293.6
1210,Serum,1,10301.42,2024-09-08,Abovyan,1848,Face,10301.42
1211,Toothpaste,3,5294.74,2023-06-14,Yerevan,1669,Hygiene,15884.22
1212,Conditioner,2,10527.84,2024-05-02,Vanadzor,1375,Hair,21055.68
1213,Hand Cream,4,5771.45,2024-12-13,Hrazdan,1742,Body,23085.8
1214,Hair Oil,4,4946.45,2024-12-09,Vanadzor,1966,Hair,19785.8
1215,Mask,1,6266.89,2024-03-01,Vanadzor,1307,Face,6266.89
1216,Lotion,5,9505.69,2024-11-27,Vanadzor,1090,Body,47528.450000000004
1217,Shampoo,2,2823.02,2023-09-22,Gyumri,1392,Hair,5646.04
1218,Lotion,3,3562.4,2024-09-03,Vanadzor,1533,Body,10687.2
1219,Hair Oil,4,11490.17,2023-12-08,Vanadzor,1801,Hair,45960.68
1220,Lotion,4,3342.66,2024-12-26,Gyumri,1109,Body,13370.64
1221,Conditioner,2,7461.14,2023-10-05,Gyumri,1560,Hair,14922.28
1222,Serum,5,7582.8,2024-11-04,Hrazdan,1640,Face,37914.0
1223,Shampoo,4,6641.06,2024-03-14,Abovyan,1584,Hair,26564.24
1224,Body Wash,2,8269.83,2023-06-06,Yerevan,1339,Body,16539.66
1225,Hair Oil,1,3913.18,2024-02-26,Yerevan,1564,Hair,3913.18
1226,Face Cream,5,7302.95,2023-09-08,Vanadzor,1978,Face,36514.75
1227,Body Wash,3,5407.82,2024-08-31,Hrazdan,1355,Body,16223.46
1228,Lotion,4,8447.51,2024-06-13,Vanadzor,1891,Body,33790.04
1229,Hair Oil,2,2982.85,2023-11-23,Yerevan,1167,Hair,5965.7
1230,Toothpaste,1,7494.21,2023-04-07,Gyumri,1556,Hygiene,7494.21
1231,Face Cream,3,3445.34,2024-05-27,Abovyan,1451,Face,10336.02
1232,Shampoo,2,4425.75,2023-08-04,Hrazdan,1904,Hair,8851.5
1233,Mask,2,3796.45,2023-05-12,Gyumri,1104,Face,7592.9
1234,Toothpaste,3,3419.8,2023-09-17,Abovyan,1149,Hygiene,10259.400000000001
1235,Body Wash,1,10169.96,2023-05-05,Hrazdan,1145,Body,10169.96
1236,Serum,1,4499.93,2023-03-23,Hrazdan,1715,Face,4499.93
1237,Conditioner,5,11234.8,2023-10-10,Yerevan,1873,Hair,56174.0
1238,Mask,4,11684.23,2024-11-13,Gyumri,1298,Face,46736.92
1239,Toothpaste,3,7498.23,2023-02-28,Hrazdan,1166,Hygiene,22494.69
1240,Serum,3,3001.51,2024-06-27,Hrazdan,1712,Face,9004.53
1241,Serum,3,5432.76,2023-06-10,Abovyan,1645,Face,16298.28
1242,Hair Oil,1,9876.19,2023-10-11,Yerevan,1722,Hair,9876.19
1243,Toothpaste,4,5357.6,2023-04-16,Vanadzor,1047,Hygiene,21430.4
1244,Shampoo,5,2413.68,2023-04-15,Yerevan,1637,Hair,12068.4
1245,Lotion,2,7346.24,2024-03-14,Vanadzor,1238,Body,14692.48
1246,Face Cream,2,10373.77,2023-08-16,Gyumri,1006,Face,20747.54
1247,Face Cream,3,9857.23,2024-11-30,Gyumri,1463,Face,29571.69
1248,Body Wash,4,3338.79,2024-08-04,Hrazdan,1452,Body,13355.16
1249,Body Wash,1,8564.03,2023-11-14,Gyumri,1783,Body,8564.03
1250,Face Cream,4,3815.29,2024-04-08,Hrazdan,1896,Face,15261.16
1251,Shampoo,4,3791.18,2024-08-21,Yerevan,1370,Hair,15164.72
1252,Conditioner,1,10677.75,2024-04-16,Gyumri,1548,Hair,10677.75
1253,Hand Cream,3,4121.52,2023-02-25,Yerevan,1486,Body,12364.560000000001
1254,Lotion,4,4264.1,2024-09-16,Yerevan,1210,Body,17056.4
1255,Conditioner,2,1506.86,2023-01-13,Gyumri,1164,Hair,3013.72
1256,Hair Oil,1,10642.02,2024-03-15,Yerevan,1124,Hair,10642.02
1257,Hand Cream,5,9822.25,2023-01-18,Gyumri,1336,Body,49111.25
1258,Hand Cream,3,8086.95,2024-11-24,Gyumri,1191,Body,24260.85
1259,Toothpaste,1,9377.79,2023-04-23,Gyumri,1729,Hygiene,9377.79
1260,Shampoo,5,3096.51,2023-08-17,Vanadzor,1213,Hair,15482.550000000001
1261,Shampoo,5,6312.4,2023-06-20,Yerevan,1573,Hair,31562.0
1262,Hand Cream,4,5187.8,2023-10-22,Abovyan,1327,Body,20751.2
1263,Toothpaste,4,2484.65,2023-07-08,Gyumri,1956,Hygiene,9938.6
1264,Lotion,4,6604.37,2024-03-01,Yerevan,1380,Body,26417.48
1265,Hand Cream,1,11167.77,2023-03-20,Hrazdan,1672,Body,11167.77
1266,Mask,1,1920.62,2024-10-19,Gyumri,1577,Face,1920.62
1267,Body Wash,3,4560.34,2023-07-01,Gyumri,1797,Body,13681.02
1268,Body Wash,4,3679.18,2024-05-13,Abovyan,1238,Body,14716.72
1269,Conditioner,5,4000.54,2024-12-08,Vanadzor,1531,Hair,20002.7
1270,Hair Oil,2,11038.56,2023-03-12,Vanadzor,1699,Hair,22077.12
1271,Body Wash,3,6414.73,2023-09-05,Gyumri,1081,Body,19244.19
1272,Serum,1,6396.14,2023-05-26,Yerevan,1362,Face,6396.14
1273,Conditioner,3,9486.04,2024-09-09,Hrazdan,1504,Hair,28458.120000000003
1274,Body Wash,3,3122.17,2023-10-23,Hrazdan,1201,Body,9366.51
1275,Hair Oil,3,6616.29,2024-08-04,Yerevan,1919,Hair,19848.87
1276,Shampoo,3,6014.84,2024-04-14,Gyumri,1503,Hair,18044.52
1277,Shampoo,2,7767.56,2024-05-20,Hrazdan,1643,Hair,15535.12
1278,Lotion,4,11995.36,2023-07-12,Vanadzor,1036,Body,47981.44
1279,Hand Cream,5,9579.21,2023-03-09,Yerevan,1643,Body,47896.049999999996
1280,Mask,3,5677.59,2024-05-08,Abovyan,1588,Face,17032.77
1281,Shampoo,3,10189.31,2023-02-21,Gyumri,1600,Hair,30567.93
1282,Toothpaste,3,3292.44,2023-12-29,Yerevan,1972,Hygiene,9877.32
1283,Body Wash,4,1819.87,2024-04-18,Hrazdan,1401,Body,7279.48
1284,Toothpaste,1,3646.71,2024-06-04,Gyumri,1764,Hygiene,3646.71
1285,Hair Oil,1,5074.32,2024-03-06,Vanadzor,1855,Hair,5074.32
1286,Shampoo,2,6861.1,2023-10-25,Gyumri,1705,Hair,13722.2
1287,Mask,1,7958.86,2024-03-10,Gyumri,1175,Face,7958.86
1288,Hair Oil,3,11061.36,2024-11-26,Vanadzor,1544,Hair,33184.08
1289,Serum,3,6853.47,2024-11-21,Vanadzor,1569,Face,20560.41
1290,Serum,3,6763.39,2023-07-17,Gyumri,1466,Face,20290.170000000002
1291,Toothpaste,2,2027.55,2023-05-08,Vanadzor,1200,Hygiene,4055.1
1292,Hand Cream,3,1866.57,2024-06-15,Yerevan,1539,Body,5599.71
1293,Conditioner,1,7287.18,2024-02-15,Vanadzor,1546,Hair,7287.18
1294,Hand Cream,4,6100.88,2023-03-06,Vanadzor,1998,Body,24403.52
1295,Lotion,4,10311.39,2024-11-24,Gyumri,1636,Body,41245.56
1296,Hand Cream,5,3187.14,2023-08-29,Yerevan,1393,Body,15935.699999999999
1297,Lotion,1,1762.2,2024-01-04,Abovyan,1832,Body,1762.2
1298,Lotion,3,6214.91,2024-06-19,Abovyan,1041,Body,18644.73
1299,Mask,4,3993.52,2024-01-19,Hrazdan,1596,Face,15974.08
1300,Shampoo,1,2020.95,2024-03-06,Vanadzor,1392,Hair,2020.95
1301,Mask,4,9108.28,2023-03-24,Vanadzor,1699,Face,36433.12
1302,Lotion,3,2671.73,2024-11-27,Yerevan,1622,Body,8015.1900000000005
1303,Hair Oil,4,7887.35,2024-09-02,Abovyan,1782,Hair,31549.4
1304,Serum,5,4451.02,2024-07-27,Hrazdan,1994,Face,22255.100000000002
1305,Lotion,5,3321.71,2023-10-13,Yerevan,1440,Body,16608.55
1306,Mask,4,5487.39,2024-06-17,Vanadzor,1836,Face,21949.56
1307,Hair Oil,1,9915.18,2024-04-03,Abovyan,1616,Hair,9915.18
1308,Mask,1,5616.98,2023-07-31,Hrazdan,1505,Face,5616.98
1309,Hand Cream,1,9383.08,2023-05-06,Gyumri,1917,Body,9383.08
1310,Body Wash,4,2817.61,2024-02-17,Abovyan,1319,Body,11270.44
1311,Toothpaste,1,9614.1,2024-05-13,Hrazdan,1552,Hygiene,9614.1
1312,Conditioner,3,3987.8,2024-02-29,Yerevan,1214,Hair,11963.400000000001
1313,Mask,5,8612.63,2024-07-07,Gyumri,1070,Face,43063.149999999994
1314,Conditioner,3,7440.71,2024-09-01,Hrazdan,1567,Hair,22322.13
1315,Face Cream,1,11256.02,2024-06-26,Hrazdan,1918,Face,11256.02
1316,Mask,3,5566.89,2023-06-07,Vanadzor,1235,Face,16700.670000000002
1317,Body Wash,1,2194.73,2023-04-22,Abovyan,1280,Body,2194.73
1318,Conditioner,4,1701.13,2024-02-06,Vanadzor,1986,Hair,6804.52
1319,Lotion,3,10182.01,2023-05-02,Gyumri,1616,Body,30546.03
1320,Mask,4,7009.72,2023-09-30,Hrazdan,1901,Face,28038.88
1321,Shampoo,4,9640.06,2023-10-21,Vanadzor,1886,Hair,38560.24
1322,Toothpaste,2,3961.47,2024-02-02,Abovyan,1161,Hygiene,7922.94
1323,Body Wash,1,5123.38,2024-04-15,Gyumri,1190,Body,5123.38
1324,Conditioner,5,1816.09,2023-07-26,Yerevan,1008,Hair,9080.449999999999
1325,Body Wash,1,11595.67,2023-04-20,Vanadzor,1059,Body,11595.67
1326,Hair Oil,5,8512.61,2024-03-15,Gyumri,1892,Hair,42563.05
1327,Toothpaste,1,11298.65,2023-10-05,Yerevan,1816,Hygiene,11298.65
1328,Lotion,4,4287.71,2024-07-21,Vanadzor,1224,Body,17150.84
1329,Mask,3,7920.37,2024-07-22,Gyumri,1818,Face,23761.11
1330,Mask,3,8624.25,2024-04-26,Gyumri,1699,Face,25872.75
1331,Mask,2,4834.27,2023-04-24,Vanadzor,1581,Face,9668.54
1332,Toothpaste,5,10405.15,2024-04-21,Gyumri,1804,Hygiene,52025.75
1333,Shampoo,5,11445.2,2024-12-10,Hrazdan,1286,Hair,57226.0
1334,Face Cream,5,10790.98,2023-11-17,Vanadzor,1993,Face,53954.899999999994
1335,Serum,4,9260.2,2023-06-28,Gyumri,1168,Face,37040.8
1336,Hand Cream,5,4413.38,2023-08-07,Yerevan,1061,Body,22066.9
1337,Conditioner,3,4456.97,2024-06-11,Yerevan,1348,Hair,13370.91
1338,Shampoo,4,11615.28,2024-05-06,Hrazdan,1441,Hair,46461.12
1339,Lotion,1,1607.99,2023-03-02,Vanadzor,1013,Body,1607.99
1340,Conditioner,5,9018.52,2023-02-23,Gyumri,1163,Hair,45092.600000000006
1341,Mask,5,8915.58,2024-11-10,Gyumri,1419,Face,44577.9
1342,Body Wash,1,8038.24,2024-06-21,Yerevan,1756,Body,8038.24
1343,Lotion,5,11896.14,2023-03-06,Hrazdan,1846,Body,59480.7
1344,Conditioner,1,4774.73,2024-09-03,Yerevan,1519,Hair,4774.73
1345,Mask,4,5069.7,2024-08-08,Yerevan,1665,Face,20278.8
1346,Conditioner,3,2328.86,2024-12-04,Hrazdan,1547,Hair,6986.58
1347,Body Wash,1,6149.38,2023-06-20,Vanadzor,1559,Body,6149.38
1348,Mask,2,4241.01,2023-09-30,Gyumri,1596,Face,8482.02
1349,Face Cream,1,5105.56,2024-11-29,Vanadzor,1027,Face,5105.56
1350,Shampoo,5,10263.0,2024-06-18,Abovyan,1707,Hair,51315.0
1351,Hair Oil,4,11322.59,2024-01-26,Abovyan,1445,Hair,45290.36
1352,Hand Cream,4,3450.2,2024-11-23,Abovyan,1207,Body,13800.8
1353,Toothpaste,1,5411.34,2023-11-23,Hrazdan,1469,Hygiene,5411.34
1354,Hand Cream,3,11250.62,2023-04-18,Yerevan,1715,Body,33751.86
1355,Lotion,2,2148.99,2023-06-11,Vanadzor,1975,Body,4297.98
1356,Hand Cream,4,2469.79,2024-03-27,Gyumri,1818,Body,9879.16
1357,Mask,5,3209.31,2023-07-25,Abovyan,1103,Face,16046.55
1358,Face Cream,5,7749.73,2024-08-12,Vanadzor,1741,Face,38748.649999999994
1359,Hair Oil,3,3079.96,2023-01-16,Abovyan,1425,Hair,9239.880000000001
1360,Shampoo,4,11664.8,2023-11-23,Abovyan,1100,Hair,46659.2
1361,Shampoo,1,6190.5,2024-08-30,Gyumri,1540,Hair,6190.5
1362,Body Wash,5,6765.94,2024-10-20,Hrazdan,1638,Body,33829.7
1363,Toothpaste,3,4089.92,2023-01-02,Yerevan,1849,Hygiene,12269.76
1364,Conditioner,4,6445.08,2023-01-10,Hrazdan,1521,Hair,25780.32
1365,Face Cream,4,8450.09,2024-03-09,Vanadzor,1105,Face,33800.36
1366,Conditioner,4,9387.36,2023-05-05,Hrazdan,1678,Hair,37549.44
1367,Hair Oil,4,9415.61,2023-03-22,Vanadzor,1977,Hair,37662.44
1368,Hand Cream,4,7567.86,2024-04-29,Vanadzor,1768,Body,30271.44
1369,Shampoo,5,10995.78,2024-10-13,Yerevan,1806,Hair,54978.9
1370,Hair Oil,3,10082.78,2023-05-30,Gyumri,1276,Hair,30248.340000000004
1371,Hand Cream,4,9449.01,2023-12-06,Yerevan,1064,Body,37796.04
1372,Shampoo,2,2083.86,2023-05-09,Hrazdan,1782,Hair,4167.72
1373,Hand Cream,2,1572.22,2024-03-13,Vanadzor,1899,Body,3144.44
1374,Toothpaste,3,3730.7,2024-05-15,Abovyan,1187,Hygiene,11192.099999999999
1375,Face Cream,1,8467.0,2023-02-27,Abovyan,1316,Face,8467.0
1376,Lotion,1,5817.57,2023-07-17,Vanadzor,1915,Body,5817.57
1377,Hair Oil,1,5725.27,2023-07-30,Yerevan,1137,Hair,5725.27
1378,Hair Oil,2,10788.16,2023-02-14,Gyumri,1342,Hair,21576.32
1379,Serum,1,10903.41,2023-04-07,Yerevan,1104,Face,10903.41
1380,Mask,5,11046.34,2023-10-06,Vanadzor,1545,Face,55231.7
1381,Toothpaste,4,4795.72,2024-06-18,Vanadzor,1379,Hygiene,19182.88
1382,Toothpaste,2,8756.09,2024-02-14,Gyumri,1109,Hygiene,17512.18
1383,Conditioner,3,4352.15,2024-04-05,Hrazdan,1943,Hair,13056.449999999999
1384,Hand Cream,3,3501.4,2024-01-26,Hrazdan,1544,Body,10504.2
1385,Mask,4,3438.64,2023-02-13,Gyumri,1353,Face,13754.56
1386,Face Cream,2,5092.13,2023-01-27,Hrazdan,1742,Face,10184.26
1387,Face Cream,1,6014.56,2023-04-07,Abovyan,1316,Face,6014.56
1388,Toothpaste,1,10224.97,2024-07-01,Hrazdan,1265,Hygiene,10224.97
1389,Face Cream,5,2758.86,2024-09-12,Hrazdan,1693,Face,13794.300000000001
1390,Serum,5,9216.72,2024-07-20,Hrazdan,1851,Face,46083.6
1391,Hair Oil,1,7080.28,2024-12-04,Abovyan,1064,Hair,7080.28
1392,Body Wash,3,4523.43,2023-08-07,Hrazdan,1332,Body,13570.29
1393,Lotion,3,6674.61,2023-07-04,Abovyan,1512,Body,20023.829999999998
1394,Conditioner,5,4649.39,2023-03-10,Gyumri,1132,Hair,23246.95
1395,Hand Cream,4,7758.86,2023-05-10,Yerevan,1591,Body,31035.44
1396,Lotion,1,6055.36,2024-07-20,Gyumri,1782,Body,6055.36
1397,Hand Cream,5,3226.26,2024-08-31,Yerevan,1752,Body,16131.300000000001
1398,Shampoo,5,2724.12,2024-08-21,Gyumri,1539,Hair,13620.599999999999
1399,Lotion,1,7240.3,2024-09-22,Yerevan,1734,Body,7240.3
1400,Body Wash,1,10975.34,2024-12-20,Yerevan,1534,Body,10975.34
1401,Toothpaste,3,5111.56,2023-11-30,Vanadzor,1495,Hygiene,15334.68
1402,Serum,4,9196.5,2023-06-03,Yerevan,1620,Face,36786.0
1403,Hair Oil,4,8415.94,2024-06-30,Yerevan,1618,Hair,33663.76
1404,Hair Oil,1,11281.33,2023-03-20,Vanadzor,1656,Hair,11281.33
1405,Serum,2,10120.3,2024-08-01,Hrazdan,1368,Face,20240.6
1406,Mask,5,7449.36,2024-02-17,Hrazdan,1865,Face,37246.799999999996
1407,Shampoo,5,8398.82,2024-06-29,Vanadzor,1908,Hair,41994.1
1408,Hand Cream,1,10933.06,2024-08-31,Abovyan,1909,Body,10933.06
1409,Body Wash,2,5694.95,2023-06-18,Yerevan,1650,Body,11389.9
1410,Face Cream,3,4931.34,2024-11-11,Yerevan,1795,Face,14794.02
1411,Lotion,1,1613.52,2024-10-24,Vanadzor,1809,Body,1613.52
1412,Shampoo,1,10178.79,2024-08-05,Vanadzor,1991,Hair,10178.79
1413,Lotion,5,9910.3,2024-05-29,Abovyan,1098,Body,49551.5
1414,Body Wash,1,2596.77,2023-11-10,Hrazdan,1316,Body,2596.77
1415,Conditioner,1,7557.0,2023-02-01,Gyumri,1122,Hair,7557.0
1416,Conditioner,1,6371.81,2023-10-14,Hrazdan,1319,Hair,6371.81
1417,Shampoo,5,2746.45,2024-08-16,Yerevan,1798,Hair,13732.25
1418,Toothpaste,3,11795.97,2023-02-12,Vanadzor,1592,Hygiene,35387.909999999996
1419,Body Wash,3,3754.31,2024-09-08,Abovyan,1494,Body,11262.93
1420,Body Wash,1,2205.96,2023-01-01,Hrazdan,1456,Body,2205.96
1421,Serum,5,7745.9,2024-07-26,Abovyan,1521,Face,38729.5
1422,Toothpaste,3,9258.1,2023-09-27,Hrazdan,1519,Hygiene,27774.300000000003
1423,Hand Cream,3,1840.66,2023-06-29,Yerevan,1916,Body,5521.9800000000005
1424,Hand Cream,3,8416.54,2024-06-01,Gyumri,1716,Body,25249.620000000003
1425,Face Cream,5,7089.06,2023-04-13,Abovyan,1314,Face,35445.3
1426,Hair Oil,5,2584.28,2023-01-10,Abovyan,1945,Hair,12921.400000000001
1427,Conditioner,1,3311.5,2024-08-05,Gyumri,1708,Hair,3311.5
1428,Hand Cream,4,7463.73,2023-03-31,Abovyan,1709,Body,29854.92
1429,Toothpaste,3,4611.75,2023-08-14,Abovyan,1541,Hygiene,13835.25
1430,Body Wash,4,11352.32,2024-10-31,Hrazdan,1478,Body,45409.28
1431,Hand Cream,5,10096.77,2023-05-06,Hrazdan,1912,Body,50483.850000000006
1432,Body Wash,5,11827.46,2023-07-28,Gyumri,1970,Body,59137.299999999996
1433,Hand Cream,5,4226.54,2023-04-07,Yerevan,1019,Body,21132.7
1434,Conditioner,4,11682.1,2023-03-15,Abovyan,1559,Hair,46728.4
1435,Lotion,5,6027.96,2024-09-18,Yerevan,1968,Body,30139.8
1436,Hand Cream,1,5148.95,2023-07-10,Gyumri,1129,Body,5148.95
1437,Toothpaste,5,2028.67,2024-11-12,Gyumri,1292,Hygiene,10143.35
1438,Hand Cream,2,2054.04,2024-12-16,Hrazdan,1896,Body,4108.08
1439,Hair Oil,4,8766.12,2023-02-25,Abovyan,1131,Hair,35064.48
1440,Conditioner,2,6308.25,2024-12-20,Vanadzor,1355,Hair,12616.5
1441,Toothpaste,5,3878.48,2024-07-06,Gyumri,1053,Hygiene,19392.4
1442,Serum,1,7946.69,2023-02-01,Abovyan,1889,Face,7946.69
1443,Toothpaste,3,4155.01,2024-06-10,Yerevan,1792,Hygiene,12465.03
1444,Hair Oil,5,7565.13,2024-07-27,Hrazdan,1386,Hair,37825.65
1445,Lotion,1,5271.69,2024-10-28,Yerevan,1264,Body,5271.69
1446,Conditioner,4,10147.3,2023-10-11,Gyumri,1981,Hair,40589.2
1447,Serum,2,10117.31,2024-12-21,Gyumri,1214,Face,20234.62
1448,Hair Oil,2,6512.18,2024-05-08,Yerevan,1459,Hair,13024.36
1449,Hair Oil,2,5183.6,2023-07-06,Gyumri,1457,Hair,10367.2
1450,Shampoo,4,5306.88,2024-05-12,Abovyan,1801,Hair,21227.52
1451,Conditioner,1,9960.0,2024-03-17,Gyumri,1042,Hair,9960.0
1452,Toothpaste,4,4945.88,2023-05-10,Hrazdan,1585,Hygiene,19783.52
1453,Body Wash,2,3695.12,2024-09-30,Abovyan,1861,Body,7390.24
1454,Lotion,5,2389.23,2023-10-19,Vanadzor,1277,Body,11946.15
1455,Body Wash,3,6400.28,2023-04-24,Gyumri,1837,Body,19200.84
1456,Toothpaste,4,6562.39,2023-07-18,Gyumri,1753,Hygiene,26249.56
1457,Toothpaste,4,10329.54,2023-01-13,Hrazdan,1129,Hygiene,41318.16
1458,Conditioner,1,3823.01,2023-09-28,Hrazdan,1349,Hair,3823.01
1459,Toothpaste,1,5500.41,2024-08-23,Yerevan,1705,Hygiene,5500.41
1460,Shampoo,4,9988.26,2023-08-03,Yerevan,1543,Hair,39953.04
1461,Serum,2,10148.05,2024-03-19,Yerevan,1105,Face,20296.1
1462,Toothpaste,3,5538.42,2024-05-26,Hrazdan,1911,Hygiene,16615.260000000002
1463,Body Wash,1,6320.8,2024-03-22,Yerevan,1715,Body,6320.8
1464,Toothpaste,2,4684.5,2024-12-15,Yerevan,1000,Hygiene,9369.0
1465,Shampoo,5,11291.83,2023-03-15,Vanadzor,1756,Hair,56459.15
1466,Hand Cream,1,2745.76,2024-06-20,Yerevan,1583,Body,2745.76
1467,Hand Cream,2,11304.37,2023-04-11,Gyumri,1431,Body,22608.74
1468,Hair Oil,2,8680.6,2023-06-25,Hrazdan,1305,Hair,17361.2
1469,Lotion,3,7081.51,2024-03-02,Abovyan,1908,Body,21244.53
1470,Face Cream,3,1842.92,2023-04-27,Vanadzor,1526,Face,5528.76
1471,Serum,5,6493.76,2023-06-15,Hrazdan,1052,Face,32468.800000000003
1472,Mask,2,5781.36,2023-02-10,Hrazdan,1939,Face,11562.72
1473,Hair Oil,2,3192.8,2024-03-04,Gyumri,1519,Hair,6385.6
1474,Lotion,3,8392.3,2023-12-10,Yerevan,1329,Body,25176.899999999998
1475,Hand Cream,1,11697.08,2024-02-28,Gyumri,1557,Body,11697.08
1476,Body Wash,1,7402.98,2024-01-01,Yerevan,1324,Body,7402.98
1477,Mask,4,9004.91,2023-04-30,Yerevan,1113,Face,36019.64
1478,Lotion,3,2218.73,2024-08-31,Hrazdan,1146,Body,6656.1900000000005
1479,Lotion,4,5885.5,2024-10-18,Yerevan,1165,Body,23542.0
1480,Hair Oil,3,2721.76,2024-12-28,Vanadzor,1378,Hair,8165.280000000001
1481,Mask,5,7934.36,2023-08-17,Vanadzor,1138,Face,39671.799999999996
1482,Conditioner,2,11354.06,2023-05-10,Vanadzor,1628,Hair,22708.12
1483,Face Cream,5,8448.67,2023-12-18,Hrazdan,1298,Face,42243.35
1484,Conditioner,3,2306.43,2023-11-14,Gyumri,1275,Hair,6919.289999999999
1485,Mask,2,5224.0,2024-10-10,Abovyan,1915,Face,10448.0
1486,Conditioner,1,7281.97,2023-12-03,Yerevan,1788,Hair,7281.97
1487,Shampoo,1,5733.68,2023-09-30,Abovyan,1849,Hair,5733.68
1488,Hand Cream,4,10253.26,2023-04-27,Gyumri,1824,Body,41013.04
1489,Shampoo,3,10054.05,2024-01-03,Gyumri,1177,Hair,30162.149999999998
1490,Toothpaste,3,7924.23,2023-04-04,Hrazdan,1841,Hygiene,23772.69
1491,Conditioner,1,5421.31,2023-06-17,Vanadzor,1353,Hair,5421.31
1492,Toothpaste,5,4181.03,2024-12-15,Vanadzor,1153,Hygiene,20905.149999999998
1493,Body Wash,2,2611.68,2023-12-07,Gyumri,1925,Body,5223.36
1494,Serum,5,5226.43,2024-10-22,Hrazdan,1200,Face,26132.15
1495,Body Wash,5,5838.31,2024-11-25,Hrazdan,1877,Body,29191.550000000003
1496,Mask,1,8596.14,2023-06-01,Yerevan,1114,Face,8596.14
1497,Lotion,1,8410.68,2024-08-08,Vanadzor,1670,Body,8410.68
1498,Hand Cream,1,2236.14,2023-10-01,Gyumri,1553,Body,2236.14
1499,Conditioner,4,5650.22,2024-07-07,Abovyan,1758,Hair,22600.88
1500,Hair Oil,5,3408.68,2024-05-10,Vanadzor,1067,Hair,17043.399999999998
